mutation,cDNA_name,protein_name,legacy_name,num_alleles,allele_freq,pct_PI
1078delT,c.948delT,p.Phe316LeufsX12,1078delT,184,0.0012954462249007,0.9923664
1119delA,c.987delA,p.Gly330GlufsX39,1119delA,3,2.112140584077276e-05,1.0
1138insG,c.1006_1007insG,p.Ile336SerfsX28,1138insG,26,0.0001830521839533,1.0
1154insTC,c.1021_1022dupTC,p.Phe342HisfsX28,1154insTC,214,0.0015066602833084,0.988024
1161delC,c.1029delC,p.Cys343X,1161delC,21,0.0001478498408854,1.0
1213delT,c.1081delT,p.Trp361GlyfsX8,1213delT,16,0.0001126474978174,0.9230769
1249-1G->A,c.1117-1G>A,No protein name,1249-1G->A,6,4.224281168154552e-05,1.0
124del23bp,c.-9_14del23,No protein name,124del23bp,6,4.224281168154552e-05,1.0
1259insA,c.1130dupA,p.Gln378AlafsX4,1259insA,19,0.0001337689036582,1.0
1288insTA,c.1155_1156dupTA,p.Asn386IlefsX3,1288insTA,20,0.0001408093722718,1.0
1342-2A->C,c.1210-2A>C,No protein name,1342-2A->C,9,6.336421752231828e-05,0.67
1343delG,c.1211delG,p.Gly404AspfsX38,1343delG,8,5.6323748908727367e-05,1.0
1429del7,c.1301_1307delCACTTCT,p.Ser434LeufsX6,1429del7,3,2.112140584077276e-05,1.0
1460delAT,c.1330_1331delAT,p.Ile444X,1460delAT,3,2.112140584077276e-05,1.0
1461ins4,c.1327_1330dupGATA,p.Ile444ArgfsX3,1461ins4,50,0.0003520234306795,0.9772727
1471delA,c.1340delA,p.Lys447ArgfsX2,1471delA,25,0.0001760117153397,0.875
1497delGG,c.1365_1366delGG,p.Val456CysfsX25,1497delGG,7,4.928328029513644e-05,1.0
1504delG,c.1373delG,p.Gly458AspfsX11,1504delG,3,2.112140584077276e-05,1.0
1525-1G->A,c.1393-1G>A,No protein name,1525-1G->A,72,0.0005069137401785,1.0
1525-2A->G,c.1393-2A>G,No protein name,1525-2A->G,8,5.6323748908727367e-05,1.0
1548delG,c.1418delG,p.Gly473GlufsX54,1548delG,12,8.448562336309105e-05,1.0
1609delCA,c.1477_1478delCA,p.Gln493ValfsX10,1609delCA,21,0.0001478498408854,1.0
1677delTA,c.1545_1546delTA,p.Tyr515X,1677delTA,131,0.0009223013883804,1.0
1717-1G->A,c.1585-1G>A,No protein name,1717-1G->A,1216,0.0085612098341265,0.9725714
1717-2A->G,c.1585-2A>G,No protein name,1717-2A->G,4,2.8161874454363683e-05,0.67
1717-8G->A,c.1585-8G>A,No protein name,1717-8G->A,27,0.0001900926525669,1.0
175insT,c.50dupT,p.Ser18GlnfsX27,175insT,7,4.928328029513644e-05,0.83
1782delA,c.1650delA,p.Gly551ValfsX8,1782delA,4,2.8161874454363683e-05,1.0
1802delC,c.1670delC,p.Ser557PhefsX2,1802delC,4,2.8161874454363683e-05,1.0
1812-1G->A,c.1680-1G>A,No protein name,1812-1G->A,32,0.0002252949956349,1.0
1824delA,c.1692delA,p.Asp565MetfsX7,1824delA,5,3.5202343067954605e-05,1.0
182delT,c.50delT,p.Phe17SerfsX8,182delT,9,6.336421752231828e-05,0.8571429
1833delT,c.1703delT,p.Leu568CysfsX4,1833delT,4,2.8161874454363683e-05,1.0
1924del7,c.1792_1798delAAAACTA,p.Lys598GlyfsX11,1924del7,7,4.928328029513644e-05,1.0
1949del84,c.1820_1903del84,p.Met607_Gln634del,1949del84,24,0.0001689712467261,1.0
2043delG,c.1911delG,p.Gln637HisfsX26,2043delG,8,5.6323748908727367e-05,1.0
2053insTA,c.1920_1921dupTA,p.Ser641IlefsX23,2053insTA,3,2.112140584077276e-05,1.0
2055del9->A,c.1923_1931delinsA,p.Ser641ArgfsX5,2055del9->A,23,0.0001619307781125,0.9090909
2075delA,c.1943delA,p.Asp648ValfsX15,2075delA,3,2.112140584077276e-05,0.5
2105-2117del13insAGAAA,c.1973_1985del13insAGAAA,p.Arg658LysfsX4,2105-2117del13insAGAAA,28,0.0001971331211805,0.8888889
2118del4,c.1986_1989delAACT,p.Thr663ArgfsX8,2118del4,19,0.0001337689036582,0.3846154
2143delT,c.2012delT,p.Leu671X,2143delT,96,0.0006758849869047,0.9452055
2183AA->G,c.2051_2052delAAinsG,p.Lys684SerfsX38,2183AA->G,542,0.0038159339885662,0.9633028
2184delA,c.2052delA,p.Lys684AsnfsX38,2184delA,255,0.0017953194964656,0.9753695
2184insA,c.2052dupA,p.Gln685ThrfsX4,2184insA,329,0.0023163141738714,0.852459
2185insC,c.2053dupC,p.Gln685ProfsX84,2185insC,4,2.8161874454363683e-05,1.0
2307insA,c.2175dupA, p.Glu726ArgfsX4,2307insA,62,0.0004365090540426,0.9756098
2347delG,c.2215delG,p.Val739TyrfsX16,2347delG,40,0.0002816187445436,1.0
2372del8,c.2241_2248delGATACTGC,p.Ile748SerfsX28,2372del8,4,2.8161874454363683e-05,1.0
2556insAT,c.2423_2424dupAT,p.Ser809IlefsX13,2556insAT,4,2.8161874454363683e-05,1.0
2585delT,c.2453delT,p.Leu818TrpfsX3,2585delT,23,0.0001619307781125,1.0
2594delGT,c.2463_2464delTG,p.Ser821ArgfsX4,2594delGT,10,7.040468613590921e-05,1.0
2634insT,c.2502dupT,p.Asp835X,2634insT,3,2.112140584077276e-05,1.0
2711delT,c.2583delT,p.Phe861LeufsX3,2711delT,35,0.0002464164014756,1.0
2721del11,c.2589_2599delAATTTGGTGCT,p.Ile864SerfsX28,2721del11,7,4.928328029513644e-05,1.0
2732insA,c.2601dupA,p.Val868SerfsX28,2732insA,6,4.224281168154552e-05,1.0
2752-26A->G,c.2620-26A>G,No protein name,2752-26A->G,9,6.336421752231828e-05,0.25
2790-1G->C,c.2658-1G>C ,No protein name,2790-1G->C,7,4.928328029513644e-05,1.0
2869insG,c.2737_2738insG,p.Tyr913X ,2869insG,9,6.336421752231828e-05,1.0
2896insAG,c.2763_2764dupAG,p.Val922GlufsX2,2896insAG,6,4.224281168154552e-05,1.0
2942insT,c.2810dupT,p.Val938GlyfsX37,2942insT,8,5.6323748908727367e-05,1.0
2954delT,c.2822delT,p.Leu941GlnfsX27,2954delT,7,4.928328029513644e-05,0.33
2957delT,c.2825delT,p.Ile942ThrfsX26,2957delT,7,4.928328029513644e-05,1.0
297-1G->A,c.165-1G>A,No protein name,297-1G->A,5,3.5202343067954605e-05,1.0
297-3C->T,c.165-3C>T,No protein name,297-3C->T,3,2.112140584077276e-05,1.0
2991del32,c.2859_2890delACATTCTGTTCTTCAAGCACCTATGTCAACCC,p.Leu953PhefsX11,2991del32,10,7.040468613590921e-05,1.0
3007delG,c.2875delG,p.Ala959HisfsX9,3007delG,40,0.0002816187445436,1.0
300delA,c.168delA,p.Glu56AspfsX35,300delA,8,5.6323748908727367e-05,1.0
3028delA,c.2896delA,p.Thr966ArgfsX2,3028delA,3,2.112140584077276e-05,1.0
306delTAGA,c.174_177delTAGA,p.Asp58GlufsX32,306delTAGA,6,4.224281168154552e-05,1.0
306insA,c.175dupA,p.Arg59LysfsX10,306insA,21,0.0001478498408854,0.9375
3120G->A,c.2988G>A,No protein name,3120G->A,85,0.0005984398321552,0.5522388
3121-1G->A,c.2989-1G>A,No protein name,3121-1G->A,20,0.0001408093722718,1.0
3121-2A->G,c.2989-2A>G,No protein name,3121-2A->G,7,4.928328029513644e-05,1.0
3130delA,c.2998delA,p.Ile1000LeufsX2,3130delA,15,0.0001056070292038,1.0
3132delTG,c.3002_3003delTG,p.Val1001AspfsX45,3132delTG,4,2.8161874454363683e-05,1.0
3143del9,c.3011_3019delCTATAGCAG or c.3009_3017delAGCTATAGC,p.Ala1004_Ala1006del,3143del9,7,4.928328029513644e-05,0.4
3171delC,c.3039delC,p.Tyr1014ThrfsX9,3171delC,5,3.5202343067954605e-05,1.0
3171insC,c.3039dupC,p.Tyr1014LeufsX33,3171insC,3,2.112140584077276e-05,1.0
3199del6,c.3067_3072delATAGTG,p.Ile1023_Val1024del,3199del6,75,0.0005280351460193,0.98
3271delGG,c.3139_3139+1delGG,p.Gly1047GlnfsX28,3271delGG,8,5.6323748908727367e-05,1.0
3272-26A->G,c.3140-26A>G,No protein name,3272-26A->G,470,0.0033090202483877,0.2892562
3349insT,c.3217dupT,p.Tyr1073LeufsX3,3349insT,3,2.112140584077276e-05,1.0
3497delC,c.3365delC,p.Thr1122LysfsX12,3497delC,3,2.112140584077276e-05,1.0
3500-2A->G,c.3368-2A>G,No protein name,3500-2A->G,13,9.152609197668196e-05,0.875
3600G->A,c.3468G>A,No protein name,3600G->A,16,0.0001126474978174,0.3846154
365-366insT,c.233dupT,p.Trp79LeufsX32 ,365-366insT,11,7.744515474950012e-05,1.0
3659delC,c.3528delC,p.Lys1177SerfsX15,3659delC,539,0.0037948125827255,0.9898
3667ins4,c.3532_3535dupTCAA,p.Thr1179IlefsX17,3667ins4,10,7.040468613590921e-05,1.0
3732delA,c.3600delA,p.Asp1201MetfsX10,3732delA,4,2.8161874454363683e-05,1.0
3737delA,c.3605delA,p.Asp1202AlafsX9,3737delA,5,3.5202343067954605e-05,1.0
3791delC,c.3659delC,p.Thr1220LysfsX8,3791delC,20,0.0001408093722718,1.0
3821delT,c.3691delT  ,p.Ser1231ProfsX4,3821delT,5,3.5202343067954605e-05,1.0
3849G->A,c.3717G>A,No protein name,3849G->A,3,2.112140584077276e-05,0.6666667
3850-1G->A,c.3718-1G>A,No protein name,3850-1G->A,12,8.448562336309105e-05,0.9090909
3850-3T->G,c.3718-3T>G,No protein name,3850-3T->G,6,4.224281168154552e-05,1.0
3876delA,c.3744delA,p.Lys1250ArgfsX9,3876delA,91,0.0006406826438367,1.0
3878delG,c.3747delG,p.Lys1250ArgfsX9,3878delG,9,6.336421752231828e-05,0.8333333
3905insT,c.3773dupT,p.Leu1258PhefsX7,3905insT,210,0.001478498408854,0.9662162
3940delG,c.3808delG,p.Asp1270MetfsX8,3940delG,3,2.112140584077276e-05,1.0
394delTT,c.262_263delTT,p.Leu88IlefsX22 ,394delTT,307,0.0021614238643724,0.9661017
4010del4,c.3883_3886delATTT,p.Ile1295PhefsX32,4010del4,12,8.448562336309105e-05,1.0
4015delA,c.3883delA,p.Ile1295PhefsX33,4015delA,5,3.5202343067954605e-05,0.6666667
4016insT,c.3889dupT,p.Ser1297PhefsX5 ,4016insT,100,0.000704046861359,1.0
4022insT,c.3891dupT,p.Gly1298TrpfsX4,4022insT,5,3.5202343067954605e-05,1.0
4040delA,c.3908delA,p.Asn1303ThrfsX25,4040delA,10,7.040468613590921e-05,1.0
406-1G->A,c.274-1G>A,No protein name,406-1G->A,40,0.0002816187445436,1.0
406-2A->G,c.274-2A>G,No protein name,406-2A->G,5,3.5202343067954605e-05,1.0
4168delCTAAGCC,c.4036_4042del,p.Leu1346MetfsX6,4168delCTAAGCC,3,2.112140584077276e-05,1.0
4209TGTT->AA,c.4077_4080delTGTTinsAA,No protein name,4209TGTT->AA,18,0.0001267284350446,1.0
4218insT,c.4086dupT,p.Lys1363X,4218insT,5,3.5202343067954605e-05,1.0
4259del5,c.4127_4131delTGGAT,p.Leu1376SerfsX8,4259del5,3,2.112140584077276e-05,1.0
4279insA,c.4147dupA,p.Ile1383AsnfsX3,4279insA,5,3.5202343067954605e-05,1.0
4326delTC,c.4197_4198delCT,p.Cys1400X ,4326delTC,18,0.0001267284350446,1.0
4382delA,c.4251delA,p.Glu1418ArgfsX14,4382delA,65,0.0004576304598834,0.3846154
4428insGA,c.4300_4301dup,p.Ser1435GlyfsX14 ,4428insGA,4,2.8161874454363683e-05,0.75
442delA,c.310delA,p.Arg104GlufsX3,442delA,7,4.928328029513644e-05,0.8571429
444delA,c.313delA,p.Ile105SerfsX2,444delA,14,9.856656059027288e-05,1.0
457TAT->G,c.325_327delTATinsG,p.Tyr109GlyfsX4 ,457TAT->G,25,0.0001760117153397,0.8333333
541delC,c.409delC,p.Leu137SerfsX16,541delC,10,7.040468613590921e-05,1.0
556delA,c.424delA,p.Ile142PhefsX11,556delA,3,2.112140584077276e-05,1.0
557delT,c.429delT,p.Phe143LeufsX10,557delT,7,4.928328029513644e-05,0.71
574delA,c.442delA,p.Ile148LeufsX5,574delA,27,0.0001900926525669,1.0
5T,c.1210−12T[5],No protein name,5T,516,0.0036328818046129,0.2834395
5T;TG12,c.1210-33_1210-6GT[12]T[4],No protein name,5T;TG12,182,0.0012813652876735,0.1404959
5T;TG13,c.1210-33_1210-6GT[13]T[4],No protein name,5T;TG13,43,0.0003027401503844,0.1111111
602del14,c.470_483delTTAGTTTGATTTAT,p.Phe157X,602del14,5,3.5202343067954605e-05,1.0
663delT,c.531delT,p.Ile177MetfsX12,663delT,24,0.0001689712467261,1.0
663insT,c.531dupT,p.Gly178TrpfsX5,663insT,3,2.112140584077276e-05,1.0
675del4,c.543_546delTAGT,p.Leu183PhefsX5 ,675del4,4,2.8161874454363683e-05,1.0
712-1G->T,c.580-1G>T,No protein name,712-1G->T,42,0.0002956996817708,1.0
712-2A->G,c.580-2A>G,No protein name,712-2A->G,3,2.112140584077276e-05,1.0
849delG,c.717delG,p.Leu240X,849delG,3,2.112140584077276e-05,1.0
852del22,c.722_743delGGAGAATGATGATGAAGTACAG,p.Gly241GlufsX13,852del22,13,9.152609197668196e-05,1.0
876-2A->G,c.744-2A>G,No protein name,876-2A->G,3,2.112140584077276e-05,1.0
892delA,c.761delA,p.Lys254ArgfsX7,892delA,4,2.8161874454363683e-05,1.0
935delA,c.803delA,p.Asn268IlefsX17,935delA,21,0.0001478498408854,1.0
977insA,c.850dupA,p.Met284AsnfsX3,977insA,8,5.6323748908727367e-05,0.8571429
991del5,c.861_865delCTTAA,p.Asn287LysfsX19,991del5,15,0.0001056070292038,1.0
A1006E,c.3017C>A,p.Ala1006Glu,A1006E,8,5.6323748908727367e-05,0.2
A120T,c.358G>A,p.Ala120Thr,A120T,4,2.8161874454363683e-05,0.33
A349V,c.1046C>T,p.Ala349Val,A349V,11,7.744515474950012e-05,0.33
A455E,c.1364C>A,p.Ala455Glu,A455E,500,0.0035202343067954,0.3409091
A46D,c.137C>A,p.Ala46Asp,A46D,4,2.8161874454363683e-05,1.0
A559T,c.1675G>A,p.Ala559Thr,A559T,91,0.0006406826438367,0.9818182
A561E,c.1682C>A,p.Ala561Glu,A561E,16,0.0001126474978174,0.9
A613T,c.1837G>A,p.Ala613Thr,A613T,6,4.224281168154552e-05,0.2
C225X,c.675T>A,p.Cys225X,C225X,5,3.5202343067954605e-05,1.0
C276X,c.828C>A,p.Cys276X ,C276X,14,9.856656059027288e-05,1.0
C524X,c.1572C>A,p.Cys524X,C524X,8,5.6323748908727367e-05,0.8
CFTR50kbdel,c.(273+1_274-1)_(1116+1_1117-1)del(1584+1_1585-1)_(3468+1_3469-1)del,No protein name,CFTR50kbdel,5,3.5202343067954605e-05,1.0
CFTRdele1,c.(?_1)_(53+1_54-1)del,p.Glu2GlyfsX17,CFTRdele1,6,4.224281168154552e-05,1.0
CFTRdele10,c.(1392+1_1393-1)_(1584+1_1585-1)del,No protein name,CFTRdele10,5,3.5202343067954605e-05,1.0
CFTRdele11,c.(1584+1_1585-1)_(1679+1_1680-1)del,No protein name,CFTRdele11,5,3.5202343067954605e-05,1.0
"CFTRdele13,14a",c.(1766+1_1767-1)_(2619+1_2620-1)del,No protein name,"CFTRdele13,14a",4,2.8161874454363683e-05,1.0
CFTRdele14b-17b,c.(2619+1_2620-1)_(3367+1_3368-1)del,No protein name,CFTRdele14b-17b,19,0.0001337689036582,1.0
CFTRdele16-17b,c.(2908+1_2909-1)_(3367+1_3368-1)del,No protein name,CFTRdele16-17b,13,9.152609197668196e-05,1.0
"CFTRdele17a,17b",c.(2988+1_2989-1)_(3367+1_3368-1)del,No protein name,"CFTRdele17a,17b",21,0.0001478498408854,1.0
CFTRdele17a-18,c.(2988+1_2989-1)_(3468+1_3469-1)del,No protein name,CFTRdele17a-18,62,0.0004365090540426,1.0
CFTRdele17b,c.(3139+1_3140-1)_(3367+1_3368-1)del,No protein name,CFTRdele17b,3,2.112140584077276e-05,1.0
CFTRdele18,c.(3367+1+3368-1)_(3468+1_3469-1)del,No protein name,CFTRdele18,3,2.112140584077276e-05,1.0
CFTRdele19,c.(3468+1_3469-1)_(3717+1_3718-1)del,No protein name,CFTRdele19,9,6.336421752231828e-05,1.0
CFTRdele19-21,c.(3468+1_3469-1)_(3963+1_3964-1)del,No protein name,CFTRdele19-21,7,4.928328029513644e-05,1.0
CFTRdele2,c.(53+1_54-1)_(164+1_165-1)del,No protein name,CFTRdele2,46,0.0003238615562251,1.0
"CFTRdele2,3",c.54-5940_273+10250del21kb,p.Ser18ArgfsX16,"CFTRdele2,3",417,0.0029358754118674,0.99631
CFTRdele2-4,c.(53+1_54-1)_(489+1_490-1)del,No protein name,CFTRdele2-4,4,2.8161874454363683e-05,1.0
CFTRdele21,c.(3873+1_3874-1)_(3963+1_3964-1)del,No protein name,CFTRdele21,5,3.5202343067954605e-05,1.0
"CFTRdele22,23",c.3964-78_4242+577del,No protein name,"CFTRdele22,23",40,0.0002816187445436,0.962963
CFTRdele22-24,c.(3963+1_3964-1)_(*1_?)del,No protein name,CFTRdele22-24,40,0.0002816187445436,1.0
"CFTRdele3-10,14b-16",c.(164+1_165-1)_(1584_+1_1585-1)del(2619+1_2620-1)_(2988+1_2989-1)del,No protein name,"CFTRdele3-10,14b-16",4,2.8161874454363683e-05,1.0
CFTRdele4-10,c.(273+1_274-1)_(1584+1_1585-1)del,No protein name,CFTRdele4-10,18,0.0001267284350446,1.0
CFTRdele4-11,c.(273+1_274-1)_(1679+1_1680-1)del,No protein name,CFTRdele4-11,3,2.112140584077276e-05,1.0
CFTRdele4-7,c.(273+1_274-1)_(1116+1_1117-1)del,No protein name,CFTRdele4-7,5,3.5202343067954605e-05,1.0
CFTRdelePr-1,c.(?_-1270)_(53+1_54-1)del,No protein name,CFTRdelePr-1,3,2.112140584077276e-05,0.67
CFTRdup6b-10,c.(743+1_744-1)_(1584+1_1585-1)dup,No protein name,CFTRdup6b-10,16,0.0001126474978174,1.0
D110E,c.330C>A,p.Asp110Glu,D110E,14,9.856656059027288e-05,0.125
D110H,c.328G>C,p.Asp110His,D110H,65,0.0004576304598834,0.1714286
D1152H,c.3454G>C,p.Asp1152His,D1152H,571,0.0040201075783604,0.2398082
D1270N,c.3808G>A,p.Asp1270Asn,D1270N,55,0.0003872257737475,0.1666667
D192G,c.575A>G,p.Asp192Gly,D192G,3,2.112140584077276e-05,0.33
D443Y,c.1327G>T,p.Asp443Tyr,D443Y,8,5.6323748908727367e-05,0.25
D513G,c.1538A>G,p.Asp513Gly,D513G,7,4.928328029513644e-05,0.0
D579G,c.1736A>G,p.Asp579Gly,D579G,53,0.0003731448365203,0.3478261
D614G,c.1841A>G,p.Asp614Gly,D614G,17,0.000119687966431,0.25
D924N,c.2770G>A,p.Asp924Asn,D924N,5,3.5202343067954605e-05,0.0
D979V,c.2936A>T,p.Asp979Val,D979V,3,2.112140584077276e-05,1.0
E1104X,c.3310G>T,p.Glu1104X,E1104X,23,0.0001619307781125,1.0
E116K,c.346G>A,p.Glu116Lys,E116K,8,5.6323748908727367e-05,1.0
E1371X,c.4111G>T,p.Glu1371X ,E1371X,19,0.0001337689036582,1.0
E193K,c.577G>A,p.Glu193Lys,E193K,5,3.5202343067954605e-05,0.0
E193X,c.577G>T,p.Glu193X,E193X,18,0.0001267284350446,1.0
E379X,c.1135G>T,p.Glu379X,E379X,7,4.928328029513644e-05,1.0
E474K,c.1420G>A,p.Glu474Lys,E474K,5,3.5202343067954605e-05,0.3333333
E56K,c.166G>A,p.Glu56Lys,E56K,5,3.5202343067954605e-05,0.0
E585X,c.1753G>T,p.Glu585X,E585X,110,0.000774451547495,0.9875
E588V,c.1763A>T,p.Glu588Val,E588V,6,4.224281168154552e-05,0.5
E60K,c.178G>A,p.Glu60Lys,E60K,7,4.928328029513644e-05,0.4
E60X,c.178G>T,p.Glu60X,E60X,296,0.0020839787096229,0.9871795
E656X,c.1966G>T,p.Glu656X,E656X,3,2.112140584077276e-05,0.33
E664X,c.1990G>T,p.Glu664X,E664X,4,2.8161874454363683e-05,0.0
E822X,c.2464G>T,p.Glu822X,E822X,21,0.0001478498408854,1.0
E831X,c.2491G>T,p.Glu831X,E831X,30,0.0002112140584077,0.2941176
E92K,c.274G>A,p.Glu92Lys,E92K,49,0.0003449829620659,0.5263158
E92X,c.274G>T,p.Glu92X,E92X,38,0.0002675378073164,1.0
F1016S,c.3047T>C,p.Phe1016Ser,F1016S,5,3.5202343067954605e-05,0.75
F1052V,c.3154T>G,p.Phe1052Val,F1052V,34,0.000239375932862,0.1538462
F1074L,c.3222T>A or c.3220T>C or c.3222T>G,p.Phe1074Leu ,F1074L,11,7.744515474950012e-05,0.0
F1099L,c.3297C>A,p.Phe1099Leu,F1099L,7,4.928328029513644e-05,0.25
F191V,c.571T>G,p.Phe191Val,F191V,7,4.928328029513644e-05,0.25
F311L,c.933C>G or c.933C>A,p.Phe311Leu,F311L,10,7.040468613590921e-05,0.38
F312del,c.935_937delTCT,p.Phe312del,F312del,28,0.0001971331211805,0.57
F508C;S1251N,c.[1523T>G;3752G>A],p.[Phe508Cys;Ser1251Asn],F508C;S1251N,4,2.8161874454363683e-05,0.75
F508del,c.1521_1523delCTT,p.Phe508del,F508del,99061,0.6974358613309302,0.9778059
F575Y,c.1724T>A,p.Phe575Tyr,F575Y,7,4.928328029513644e-05,0.75
G1061R,c.3181G>C,p.Gly1061Arg ,G1061R,23,0.0001619307781125,0.6666667
G1069R,c.3205G>A,p.Gly1069Arg,G1069R,10,7.040468613590921e-05,0.6666667
G1244E,c.3731G>A,p.Gly1244Glu,G1244E,106,0.0007462896730406,0.96875
G1249R,c.3745G>A,p.Gly1249Arg,G1249R,7,4.928328029513644e-05,0.6
G126D,c.377G>A,p.Gly126D,G126D,13,9.152609197668196e-05,0.22
G1349D,c.4046G>A,p.Gly1349Asp ,G1349D,22,0.000154890309499,0.875
G178R,c.532G>A,p.Gly178Arg,G178R,87,0.0006125207693824,0.7592593
G194R,c.580G>A,p.Gly194Arg,G194R,3,2.112140584077276e-05,1.0
G194V,c.581G>T,p.Gly194Val,G194V,4,2.8161874454363683e-05,0.0
G194X,c.580G>T,p.Gly194X,G194X,3,2.112140584077276e-05,1.0
G27R,c.79G>A,p.Gly27Arg,G27R,3,2.112140584077276e-05,0.6666667
G27X,c.79G>T,p.Gly27X,G27X,10,7.040468613590921e-05,1.0
G314E,c.941G>A,p.Gly314Glu,G314E,3,2.112140584077276e-05,0.0
G330X,c.988G>T,p.Gly330X,G330X,23,0.0001619307781125,1.0
G542X,c.1624G>T,p.Gly542X,G542X,3610,0.0254160916950632,0.978539
G550X,c.1648G>T,p.Gly550X,G550X,6,4.224281168154552e-05,1.0
G551D,c.1652G>A,p.Gly551Asp,G551D,2986,0.0210228392801824,0.9618287
G551S,c.1651G>A,p.Gly551Ser ,G551S,19,0.0001337689036582,0.3333333
G622D,c.1865G>A,p.Gly622Asp,G622D,8,5.6323748908727367e-05,0.0
G628R,c.1882G>C or c.1882G>A,p.Gly628Arg,G628R,11,7.744515474950012e-05,0.33
G673X,c.2017G>T,p.Gly673X,G673X,12,8.448562336309105e-05,0.9166667
G745X,c.2233G>T,p.Gly745X,G745X,4,2.8161874454363683e-05,0.75
G85E,c.254G>A,p.Gly85Glu,G85E,616,0.004336928665972,0.8534031
G91R,c.271G>A,p.Gly91Arg,G91R,5,3.5202343067954605e-05,0.2
G970D,c.2909G>A,p.Gly970Asp,G970D,10,7.040468613590921e-05,0.1111111
G970R,c.2908G>C,p.Gly970Arg,G970R,12,8.448562336309105e-05,1.0
H1054D,c.3160C>G,p.His1054Asp ,H1054D,12,8.448562336309105e-05,0.5555556
H1375P,c.4124A>C,p.His1375Pro,H1375P,7,4.928328029513644e-05,0.5
H139R,c.416A>G,p.His139Arg,H139R,9,6.336421752231828e-05,0.6
H199Y,c.595C>T,p.His199Tyr,H199Y,22,0.000154890309499,0.9166667
H609R,c.1826A>G,p.His609Arg,H609R,10,7.040468613590921e-05,0.2
I1234V,c.3700A>G,p.Ile1234Val,I1234V,33,0.0002323354642485,0.4375
I1269N,c.3806T>A,p.Ile1269Asn,I1269N,12,8.448562336309105e-05,0.6
I1366N,c.4097T>A,p.Ile1366Asn,I1366N,5,3.5202343067954605e-05,0.0
I336K,c.1007T>A,p.Ile336Lys,I336K,55,0.0003872257737475,0.3
I502T,c.1505T>C,p.Ile502Thr,I502T,15,0.0001056070292038,0.3333333
I507del,c.1519_1521delATC,p.Ile507del,I507del,651,0.0045833450674476,0.9761
I601F,c.1801A>T,p.Ile601Phe,I601F,5,3.5202343067954605e-05,0.25
I618T,c.1853T>C,p.Ile618Thr,I618T,5,3.5202343067954605e-05,0.0
K68X,c.202A>T,p.Lys68X,K68X,3,2.112140584077276e-05,1.0
K710X,c.2128A>T,p.Lys710X,K710X,50,0.0003520234306795,0.90625
L102R,c.305T>G,p.Leu102Arg,L102R,4,2.8161874454363683e-05,0.75
L1065P,c.3194T>C,p.Leu1065Pro,L1065P,43,0.0003027401503844,0.7666667
L1077P,c.3230T>C,p.Leu1077Pro,L1077P,96,0.0006758849869047,0.9298246
L1254X,c.3761T>G,p.Leu1254X,L1254X,24,0.0001689712467261,1.0
L1324P,c.3971T>C,p.Leu1324Pro,L1324P,4,2.8161874454363683e-05,0.6666667
L1335P,c.4004T>C,p.Leu1335Pro,L1335P,19,0.0001337689036582,0.6153846
L138ins,c.413_415dupTAC,p.Leu138dup,L138ins,20,0.0001408093722718,0.4285714
L1480P,c.4439T>C,p.Leu1480Pro,L1480P,5,3.5202343067954605e-05,0.67
L15P,c.44T>C,p.Leu15Pro,L15P,4,2.8161874454363683e-05,0.0
L165S,c.494T>C,p.Leu165Ser,L165S,21,0.0001478498408854,0.3684211
L206W,c.617T>G,p.Leu206Trp,L206W,333,0.0023444760483257,0.2035088
L218X,c.653T>A,p.Leu218X,L218X,36,0.0002534568700892,1.0
L227R,c.680T>G,p.Leu227Arg,L227R,29,0.0002041735897941,0.875
L346P,c.1037T>C,p.Leu346Pro,L346P,7,4.928328029513644e-05,0.25
L453S,c.1358T>C,p.Leu453Ser,L453S,4,2.8161874454363683e-05,0.5
L467P,c.1400T>C,p.Leu467Pro,L467P,38,0.0002675378073164,1.0
L558S,c.1673T>C,p.Leu558Ser,L558S,34,0.000239375932862,1.0
L732X,c.2195T>G,p.Leu732X,L732X,33,0.0002323354642485,1.0
L88X,c.263T>A or c.263T>G,p.Leu88X,L88X,7,4.928328029513644e-05,1.0
L927P,c.2780T>C,p.Leu927Pro,L927P,31,0.0002182545270213,1.0
L967S,c.2900T>C,p.Leu967Ser,L967S,20,0.0001408093722718,0.0
M1101K,c.3302T>A,p.Met1101Lys,M1101K,238,0.0016756315300346,0.6914894
M1101R,c.3302T>G,p.Met1101Arg,M1101R,4,2.8161874454363683e-05,0.67
M1V,c.1A>G,p.Met1Val,M1V,26,0.0001830521839533,0.8421053
M265R,c.794T>G,p.Met265Arg,M265R,7,4.928328029513644e-05,0.8333333
M952T,c.2855T>C,p.Met952Thr,M952T,5,3.5202343067954605e-05,0.0
N1303K,c.3909C>G,p.Asn1303Lys,N1303K,2246,0.0158128925061252,0.9815951
P205S,c.613C>T,p.Pro205Ser,P205S,33,0.0002323354642485,0.08
P574H,c.1721C>A,p.Pro574His,P574H,25,0.0001760117153397,0.35
P5L,c.14C>T,p.Pro5Leu,P5L,60,0.0004224281168154,0.0952381
P67L,c.200C>T,p.Pro67Leu,P67L,239,0.0016826719986482,0.3382353
P750L,c.2249C>T,p.Pro750Leu,P750L,13,9.152609197668196e-05,0.3333333
P99L,c.296C>T,p.Pro99Leu,P99L,7,4.928328029513644e-05,0.2857143
Q1035X,c.3103C>T,p.Gln1035X,Q1035X,5,3.5202343067954605e-05,1.0
Q1042X,c.3124C>T,p.Gln1042X,Q1042X,6,4.224281168154552e-05,1.0
Q1291H,c.3873G>C,p.Gln1291His,Q1291H,30,0.0002112140584077,0.1666667
Q1291R,c.3872A>G,p.Gln1291Arg,Q1291R,9,6.336421752231828e-05,0.0
Q1313X,c.3937C>T,p.Gln1313X,Q1313X,30,0.0002112140584077,1.0
Q1330X,c.3988C>T,p.Gln1330X,Q1330X,3,2.112140584077276e-05,1.0
Q1382X,c.4144C>T,p.Gln1382X,Q1382X,5,3.5202343067954605e-05,1.0
Q1411X,c.4231C>T,p.Gln1411X,Q1411X,7,4.928328029513644e-05,1.0
Q1412X,c.4234C>T,p.Gln1412X ,Q1412X,4,2.8161874454363683e-05,1.0
Q1476X,c.4426C>T,p.Gln1476X,Q1476X,17,0.000119687966431,0.1818182
Q220X,c.658C>T,p.Gln220X,Q220X,71,0.0004998732715649,1.0
Q237E,c.709C>G,p.Gln237Glu,Q237E,5,3.5202343067954605e-05,0.0
Q290X,c.868C>T,p.Gln290X,Q290X,3,2.112140584077276e-05,1.0
Q2X,c.4C>T,p.Gln2X,Q2X,5,3.5202343067954605e-05,1.0
Q2X;R3W,c.[4C>T;7A>T],p.[Gln2X;Arg3Trp],Q2X;R3W,4,2.8161874454363683e-05,1.0
Q30X,c.88C>T,p.Gln30X,Q30X,3,2.112140584077276e-05,1.0
Q353X,c.1057C>T,p.Gln353X,Q353X,5,3.5202343067954605e-05,1.0
Q359R,c.1076A>G,p.Gln359Arg,Q359R,4,2.8161874454363683e-05,0.67
Q39X,c.115C>T,p.Gln39X,Q39X,47,0.0003309020248387,1.0
Q414X,c.1240C>T,p.Gln414X,Q414X,5,3.5202343067954605e-05,1.0
Q493X,c.1477C>T,p.Gln493X,Q493X,292,0.0020558168351685,0.9818182
Q525X,c.1573C>T,p.Gln525X,Q525X,8,5.6323748908727367e-05,1.0
Q552X,c.1654C>T,p.Gln552X,Q552X,36,0.0002534568700892,0.9565217
Q685X,c.2053C>T,p.Gln685X,Q685X,4,2.8161874454363683e-05,1.0
Q715X,c.2143C>T,p.Gln715X,Q715X,3,2.112140584077276e-05,1.0
Q720X,c.2158C>T,p.Gln720X,Q720X,3,2.112140584077276e-05,1.0
Q890X,c.2668C>T,p.Gln890X,Q890X,46,0.0003238615562251,1.0
Q98R,c.293A>G,p.Gln98Arg,Q98R,16,0.0001126474978174,0.3333333
Q98X,c.292C>T,p.Gln98X,Q98X,23,0.0001619307781125,1.0
R1066C,c.3196C>T,p.Arg1066Cys,R1066C,220,0.00154890309499,0.9785714
R1066H,c.3197G>A,p.Arg1066His,R1066H,100,0.000704046861359,0.3285714
R1070Q,c.3209G>A,p.Arg1070Gln,R1070Q,21,0.0001478498408854,0.8571429
R1070W,c.3208C>T,p.Arg1070Trp,R1070W,36,0.0002534568700892,0.34375
R1102X,c.3304A>T,p.Arg1102X,R1102X,5,3.5202343067954605e-05,1.0
R1128X,c.3382A>T,p.Arg1128X,R1128X,3,2.112140584077276e-05,1.0
R1158X,c.3472C>T,p.Arg1158X,R1158X,179,0.0012602438818327,0.9894737
R1162X,c.3484C>T,p.Arg1162X,R1162X,651,0.0045833450674476,0.97343
R117C,c.349C>T,p.Arg117Cys,R117C,146,0.0010279084175842,0.2424242
R117G,c.349C>G,p.Arg117Gly,R117G,8,5.6323748908727367e-05,0.125
R117H,c.350G>A,p.Arg117His,R117H,1854,0.0130530288095975,0.2277819
R117H;5T,c.[350G>A;1210−12T[5]],p[.Arg117His;No protein name],R117H;5T,102,0.0007181277985862,0.3103448
R117H;7T,c.[350G>A;1210−12T[7]],p.[Arg117His;No protein name],R117H;7T,125,0.0008800585766988,0.1521739
R117L,c.350G>T,p.Arg117Leu,R117L,8,5.6323748908727367e-05,0.13
R117P,c.350G>C,p.Arg117Pro,R117P,5,3.5202343067954605e-05,0.2
R1283M,c.3848G>T,p.Arg1283Met,R1283M,7,4.928328029513644e-05,0.29
R258G,c.772A>G,p.Arg258Gly,R258G,5,3.5202343067954605e-05,0.5
R31L,c.92G>T,p.Arg31Leu,R31L,7,4.928328029513644e-05,0.0
R334L,c.1001G>T,p.Arg334Leu,R334L,15,0.0001056070292038,0.1
R334Q,c.1001G>A,p.Arg334Gln,R334Q,8,5.6323748908727367e-05,0.0
R334W,c.1000C>T,p.Arg334Trp,R334W,429,0.0030203610352305,0.402439
R347H,c.1040G>A,p.Arg347His,R347H,199,0.0014010532541045,0.2368421
R347P,c.1040G>C,p.Arg347Pro,R347P,533,0.0037525697710439,0.6775956
R352Q,c.1055G>A,p.Arg352Gln,R352Q,101,0.0007110873299726,0.3974359
R352W,c.1054C>T,p.Arg352Trp,R352W,6,4.224281168154552e-05,0.0
R553X,c.1657C>T,p.Arg553X,R553X,1323,0.0093145399757807,0.9733629
R560K,c.1679G>A,p.Arg560Lys,R560K,15,0.0001056070292038,1.0
R560S,c.1680A>C,p.Arg560Ser,R560S,6,4.224281168154552e-05,1.0
R560T,c.1679G>C,p.Arg560Thr,R560T,343,0.0024148807344616,0.9820789
R709X,c.2125C>T,p.Arg709X,R709X,63,0.0004435495226562,1.0
R74W,c.220C>T,p.Arg74Trp,R74W,36,0.0002534568700892,0.1538462
R75X,c.223C>T,p.Arg75X,R75X,92,0.0006477231124503,1.0
R764X,c.2290C>T,p.Arg764X,R764X,31,0.0002182545270213,1.0
R785X,c.2353C>T,p.Arg785X ,R785X,32,0.0002252949956349,1.0
R792X,c.2374C>T,p.Arg792X,R792X,14,9.856656059027288e-05,1.0
R851X,c.2551C>T,p.Arg851X,R851X,27,0.0001900926525669,0.8947368
R933G,c.2797A>G,p.Arg933Gly,R933G,7,4.928328029513644e-05,0.29
S1118F,c.3353C>T,p.Ser1118Phe,S1118F,7,4.928328029513644e-05,0.0
S1159F,c.3476C>T,p.Ser1159Phe,S1159F,14,9.856656059027288e-05,0.7777778
S1159P,c.3475T>C,p.Ser1159Pro,S1159P,9,6.336421752231828e-05,0.25
S1196X,c.3587C>G,p.Ser1196X,S1196X,19,0.0001337689036582,1.0
S1251N,c.3752G>A,p.Ser1251Asn,S1251N,120,0.0008448562336309,0.787234
S1255P,c.3763T>C,p.Ser1255Pro,S1255P,10,7.040468613590921e-05,0.8
S1255X,c.3764C>A,p.Ser1255X,S1255X,16,0.0001126474978174,0.8
S13F,c.38C>T,p.Ser13Phe,S13F,3,2.112140584077276e-05,0.3333333
S1455X,c.4364C>G,p.Ser1455X,S1455X,18,0.0001267284350446,0.1
S341P,c.1021T>C,p.Ser341Pro,S341P,23,0.0001619307781125,0.375
S434X,c.1301C>A or c.1301C>G,p.Ser434X,S434X,16,0.0001126474978174,1.0
S466X,c.1397C>A or c.1397C>G,p.Ser466X,S466X,45,0.0003168210876115,1.0
S466X;R1070Q,c.[1397C>G;3209G>A],p.[Ser466X;Arg1070Gln],S466X;R1070Q,9,6.336421752231828e-05,1.0
S489X,c.1466C>A,p.Ser489X,S489X,58,0.0004083471795882,0.9791667
S492F,c.1475C>T,p.Ser492Phe,S492F,24,0.0001689712467261,0.3125
S4X,c.11C>A,p.Ser4X,S4X,14,9.856656059027288e-05,1.0
S549N,c.1646G>A,p.Ser549Asn,S549N,203,0.0014292151285589,0.8440367
S549R,c.1645A>C or  c.1647T>G or c.1647T>A,p.Ser549Arg,S549R,93,0.0006547635810639,0.9782609
S912L,c.2735C>T,p.Ser912Leu,S912L,7,4.928328029513644e-05,0.6
S912X,c.2735C>A,p.Ser912X ,S912X,16,0.0001126474978174,0.9
S945L,c.2834C>T,p.Ser945Leu,S945L,167,0.0011757582584696,0.3965517
S977F,c.2930C>T,p.Ser977Phe,S977F,13,9.152609197668196e-05,0.25
T1036N,c.3107C>A,p.Thr1036Asn,T1036N,13,9.152609197668196e-05,0.67
T1246I,c.3737C>T,p.Thr1246Ile,T1246I,23,0.0001619307781125,0.45
T338I,c.1013C>T,p.Thr338Ile,T338I,52,0.0003661043679067,0.2
V1153E,c.3458T>A,p.Val1153Glu,V1153E,6,4.224281168154552e-05,0.0
V1240G,c.3719T>G,p.Val1240Gly,V1240G,3,2.112140584077276e-05,0.0
V201M,c.601G>A,p.Val201Met,V201M,11,7.744515474950012e-05,0.25
V232D,c.695T>A,p.Val232Asp,V232D,41,0.0002886592131572,0.125
V456A,c.1367T>C,p.Val456Ala,V456A,27,0.0001900926525669,0.25
V520F,c.1558G>T,p.Val520Phe,V520F,156,0.0010983131037201,0.9761905
W1089X,c.3266G>A,p.Trp1089X,W1089X,68,0.0004787518657241,1.0
W1098C,c.3294G>C or c.3294G>T,p.Trp1098Cys,W1098C,4,2.8161874454363683e-05,0.5
W1098R,c.3292T>C,p.Trp1098Arg,W1098R,11,7.744515474950012e-05,0.75
W1098X,c.3293G>A or c.3294G>A,p.Trp1098X,W1098X,9,6.336421752231828e-05,0.8333333
W1145X,c.3435G>A,p.Trp1145X,W1145X,6,4.224281168154552e-05,1.0
W1204X,c.3611G>A or c.3612G>A,p.Trp1204X,W1204X,29,0.0002041735897941,1.0
W1274X,c.3822G>A,p.Trp1274X,W1274X,3,2.112140584077276e-05,1.0
W1282X,c.3846G>A,p.Trp1282X,W1282X,1726,0.0121518488270579,0.9864995
W1282X;R1283M,c.[3846G>A;3848G>T],p.[Trp1282X;Arg1283Met],W1282X;R1283M,6,4.224281168154552e-05,1.0
W1310X,c.3929G>A,p.Trp1310X,W1310X,3,2.112140584077276e-05,1.0
W19X,c.57G>A,p.Trp19X,W19X,4,2.8161874454363683e-05,1.0
W216X,c.647G>A,p.Trp216X,W216X,3,2.112140584077276e-05,1.0
W401X,c.1202G>A or c.1203G>A,p.Trp401X,W401X,15,0.0001056070292038,1.0
W496X,c.1487G>A,p.Trp496X,W496X,3,2.112140584077276e-05,1.0
W57G,c.169T>G,p.Trp57Gly,W57G,10,7.040468613590921e-05,1.0
W57X,c.170G>A or c.171G>A,p.Trp57X,W57X,14,9.856656059027288e-05,1.0
W846X,c.2537G>A or c.2538G>A,p.Trp846X,W846X,56,0.000394266242361,0.9555556
W882X,c.2645G>A,p.Trp882X,W882X,4,2.8161874454363683e-05,1.0
Y1014C,c.3041A>G,p.Tyr1014Cys,Y1014C,6,4.224281168154552e-05,0.0
Y1032C,c.3095A>G,p.Tyr1032Cys,Y1032C,16,0.0001126474978174,0.3333333
Y1092X,c.3276C>A or c.3276C>G,p.Tyr1092X,Y1092X,225,0.0015841054380579,0.9829545
Y109X,c.327T>A,p.Tyr109X,Y109X,3,2.112140584077276e-05,1.0
Y122X,c.366T>A,p.Tyr122X,Y122X,88,0.000619561237996,0.9583333
Y161D,c.481T>G,p.Tyr161Asp,Y161D,4,2.8161874454363683e-05,0.75
Y275X,c.825C>G,p.Tyr275X,Y275X,12,8.448562336309105e-05,1.0
Y563D,c.1687T>G,p.Tyr563Asp,Y563D,7,4.928328029513644e-05,1.0
Y563N,c.1687T>A,p.Tyr563Asn,Y563N,33,0.0002323354642485,0.952381
Y563X,c.1689C>A,p.Tyr563X,Y563X,4,2.8161874454363683e-05,1.0
Y569D,c.1705T>G,p.Tyr569Asp,Y569D,45,0.0003168210876115,0.6666667
Y577X,c.1731C>A,p.Tyr577X,Y577X,3,2.112140584077276e-05,1.0
Y849X,c.2547C>A,p.Tyr849X ,Y849X,14,9.856656059027288e-05,0.875
Y913X,c.2739T>A,p.Tyr913X,Y913X,12,8.448562336309105e-05,0.875
