exon,idx,dna
1,117480095,A
1,117480096,T
1,117480097,G
1,117480098,C
1,117480099,A
1,117480100,G
1,117480101,A
1,117480102,G
1,117480103,G
1,117480104,T
1,117480105,C
1,117480106,G
1,117480107,C
1,117480108,C
1,117480109,T
1,117480110,C
1,117480111,T
1,117480112,G
1,117480113,G
1,117480114,A
1,117480115,A
1,117480116,A
1,117480117,A
1,117480118,G
1,117480119,G
1,117480120,C
1,117480121,C
1,117480122,A
1,117480123,G
1,117480124,C
1,117480125,G
1,117480126,T
1,117480127,T
1,117480128,G
1,117480129,T
1,117480130,C
1,117480131,T
1,117480132,C
1,117480133,C
1,117480134,A
1,117480135,A
1,117480136,A
1,117480137,C
1,117480138,T
1,117480139,T
1,117480140,T
1,117480141,T
1,117480142,T
1,117480143,T
1,117480144,T
1,117480145,C
1,117480146,A
1,117480147,G
2,117504253,C
2,117504254,T
2,117504255,G
2,117504256,G
2,117504257,A
2,117504258,C
2,117504259,C
2,117504260,A
2,117504261,G
2,117504262,A
2,117504263,C
2,117504264,C
2,117504265,A
2,117504266,A
2,117504267,T
2,117504268,T
2,117504269,T
2,117504270,T
2,117504271,G
2,117504272,A
2,117504273,G
2,117504274,G
2,117504275,A
2,117504276,A
2,117504277,A
2,117504278,G
2,117504279,G
2,117504280,A
2,117504281,T
2,117504282,A
2,117504283,C
2,117504284,A
2,117504285,G
2,117504286,A
2,117504287,C
2,117504288,A
2,117504289,G
2,117504290,C
2,117504291,G
2,117504292,C
2,117504293,C
2,117504294,T
2,117504295,G
2,117504296,G
2,117504297,A
2,117504298,A
2,117504299,T
2,117504300,T
2,117504301,G
2,117504302,T
2,117504303,C
2,117504304,A
2,117504305,G
2,117504306,A
2,117504307,C
2,117504308,A
2,117504309,T
2,117504310,A
2,117504311,T
2,117504312,A
2,117504313,C
2,117504314,C
2,117504315,A
2,117504316,A
2,117504317,A
2,117504318,T
2,117504319,C
2,117504320,C
2,117504321,C
2,117504322,T
2,117504323,T
2,117504324,C
2,117504325,T
2,117504326,G
2,117504327,T
2,117504328,T
2,117504329,G
2,117504330,A
2,117504331,T
2,117504332,T
2,117504333,C
2,117504334,T
2,117504335,G
2,117504336,C
2,117504337,T
2,117504338,G
2,117504339,A
2,117504340,C
2,117504341,A
2,117504342,A
2,117504343,T
2,117504344,C
2,117504345,T
2,117504346,A
2,117504347,T
2,117504348,C
2,117504349,T
2,117504350,G
2,117504351,A
2,117504352,A
2,117504353,A
2,117504354,A
2,117504355,A
2,117504356,T
2,117504357,T
2,117504358,G
2,117504359,G
2,117504360,A
2,117504361,A
2,117504362,A
2,117504363,G
3,117509034,A
3,117509035,G
3,117509036,A
3,117509037,A
3,117509038,T
3,117509039,G
3,117509040,G
3,117509041,G
3,117509042,A
3,117509043,T
3,117509044,A
3,117509045,G
3,117509046,A
3,117509047,G
3,117509048,A
3,117509049,G
3,117509050,C
3,117509051,T
3,117509052,G
3,117509053,G
3,117509054,C
3,117509055,T
3,117509056,T
3,117509057,C
3,117509058,A
3,117509059,A
3,117509060,A
3,117509061,G
3,117509062,A
3,117509063,A
3,117509064,A
3,117509065,A
3,117509066,A
3,117509067,T
3,117509068,C
3,117509069,C
3,117509070,T
3,117509071,A
3,117509072,A
3,117509073,A
3,117509074,C
3,117509075,T
3,117509076,C
3,117509077,A
3,117509078,T
3,117509079,T
3,117509080,A
3,117509081,A
3,117509082,T
3,117509083,G
3,117509084,C
3,117509085,C
3,117509086,C
3,117509087,T
3,117509088,T
3,117509089,C
3,117509090,G
3,117509091,G
3,117509092,C
3,117509093,G
3,117509094,A
3,117509095,T
3,117509096,G
3,117509097,T
3,117509098,T
3,117509099,T
3,117509100,T
3,117509101,T
3,117509102,T
3,117509103,C
3,117509104,T
3,117509105,G
3,117509106,G
3,117509107,A
3,117509108,G
3,117509109,A
3,117509110,T
3,117509111,T
3,117509112,T
3,117509113,A
3,117509114,T
3,117509115,G
3,117509116,T
3,117509117,T
3,117509118,C
3,117509119,T
3,117509120,A
3,117509121,T
3,117509122,G
3,117509123,G
3,117509124,A
3,117509125,A
3,117509126,T
3,117509127,C
3,117509128,T
3,117509129,T
3,117509130,T
3,117509131,T
3,117509132,T
3,117509133,A
3,117509134,T
3,117509135,A
3,117509136,T
3,117509137,T
3,117509138,T
3,117509139,A
3,117509140,G
3,117509141,G
3,117509142,G
4,117530899,G
4,117530900,A
4,117530901,A
4,117530902,G
4,117530903,T
4,117530904,C
4,117530905,A
4,117530906,C
4,117530907,C
4,117530908,A
4,117530909,A
4,117530910,A
4,117530911,G
4,117530912,C
4,117530913,A
4,117530914,G
4,117530915,T
4,117530916,A
4,117530917,C
4,117530918,A
4,117530919,G
4,117530920,C
4,117530921,C
4,117530922,T
4,117530923,C
4,117530924,T
4,117530925,C
4,117530926,T
4,117530927,T
4,117530928,A
4,117530929,C
4,117530930,T
4,117530931,G
4,117530932,G
4,117530933,G
4,117530934,A
4,117530935,A
4,117530936,G
4,117530937,A
4,117530938,A
4,117530939,T
4,117530940,C
4,117530941,A
4,117530942,T
4,117530943,A
4,117530944,G
4,117530945,C
4,117530946,T
4,117530947,T
4,117530948,C
4,117530949,C
4,117530950,T
4,117530951,A
4,117530952,T
4,117530953,G
4,117530954,A
4,117530955,C
4,117530956,C
4,117530957,C
4,117530958,G
4,117530959,G
4,117530960,A
4,117530961,T
4,117530962,A
4,117530963,A
4,117530964,C
4,117530965,A
4,117530966,A
4,117530967,G
4,117530968,G
4,117530969,A
4,117530970,G
4,117530971,G
4,117530972,A
4,117530973,A
4,117530974,C
4,117530975,G
4,117530976,C
4,117530977,T
4,117530978,C
4,117530979,T
4,117530980,A
4,117530981,T
4,117530982,C
4,117530983,G
4,117530984,C
4,117530985,G
4,117530986,A
4,117530987,T
4,117530988,T
4,117530989,T
4,117530990,A
4,117530991,T
4,117530992,C
4,117530993,T
4,117530994,A
4,117530995,G
4,117530996,G
4,117530997,C
4,117530998,A
4,117530999,T
4,117531000,A
4,117531001,G
4,117531002,G
4,117531003,C
4,117531004,T
4,117531005,T
4,117531006,A
4,117531007,T
4,117531008,G
4,117531009,C
4,117531010,C
4,117531011,T
4,117531012,T
4,117531013,C
4,117531014,T
4,117531015,C
4,117531016,T
4,117531017,T
4,117531018,T
4,117531019,A
4,117531020,T
4,117531021,T
4,117531022,G
4,117531023,T
4,117531024,G
4,117531025,A
4,117531026,G
4,117531027,G
4,117531028,A
4,117531029,C
4,117531030,A
4,117531031,C
4,117531032,T
4,117531033,G
4,117531034,C
4,117531035,T
4,117531036,C
4,117531037,C
4,117531038,T
4,117531039,A
4,117531040,C
4,117531041,A
4,117531042,C
4,117531043,C
4,117531044,C
4,117531045,A
4,117531046,G
4,117531047,C
4,117531048,C
4,117531049,A
4,117531050,T
4,117531051,T
4,117531052,T
4,117531053,T
4,117531054,T
4,117531055,G
4,117531056,G
4,117531057,C
4,117531058,C
4,117531059,T
4,117531060,T
4,117531061,C
4,117531062,A
4,117531063,T
4,117531064,C
4,117531065,A
4,117531066,C
4,117531067,A
4,117531068,T
4,117531069,T
4,117531070,G
4,117531071,G
4,117531072,A
4,117531073,A
4,117531074,T
4,117531075,G
4,117531076,C
4,117531077,A
4,117531078,G
4,117531079,A
4,117531080,T
4,117531081,G
4,117531082,A
4,117531083,G
4,117531084,A
4,117531085,A
4,117531086,T
4,117531087,A
4,117531088,G
4,117531089,C
4,117531090,T
4,117531091,A
4,117531092,T
4,117531093,G
4,117531094,T
4,117531095,T
4,117531096,T
4,117531097,A
4,117531098,G
4,117531099,T
4,117531100,T
4,117531101,T
4,117531102,G
4,117531103,A
4,117531104,T
4,117531105,T
4,117531106,T
4,117531107,A
4,117531108,T
4,117531109,A
4,117531110,A
4,117531111,G
4,117531112,A
4,117531113,A
4,117531114,G
5,117534276,A
5,117534277,C
5,117534278,T
5,117534279,T
5,117534280,T
5,117534281,A
5,117534282,A
5,117534283,A
5,117534284,G
5,117534285,C
5,117534286,T
5,117534287,G
5,117534288,T
5,117534289,C
5,117534290,A
5,117534291,A
5,117534292,G
5,117534293,C
5,117534294,C
5,117534295,G
5,117534296,T
5,117534297,G
5,117534298,T
5,117534299,T
5,117534300,C
5,117534301,T
5,117534302,A
5,117534303,G
5,117534304,A
5,117534305,T
5,117534306,A
5,117534307,A
5,117534308,A
5,117534309,A
5,117534310,T
5,117534311,A
5,117534312,A
5,117534313,G
5,117534314,T
5,117534315,A
5,117534316,T
5,117534317,T
5,117534318,G
5,117534319,G
5,117534320,A
5,117534321,C
5,117534322,A
5,117534323,A
5,117534324,C
5,117534325,T
5,117534326,T
5,117534327,G
5,117534328,T
5,117534329,T
5,117534330,A
5,117534331,G
5,117534332,T
5,117534333,C
5,117534334,T
5,117534335,C
5,117534336,C
5,117534337,T
5,117534338,T
5,117534339,T
5,117534340,C
5,117534341,C
5,117534342,A
5,117534343,A
5,117534344,C
5,117534345,A
5,117534346,A
5,117534347,C
5,117534348,C
5,117534349,T
5,117534350,G
5,117534351,A
5,117534352,A
5,117534353,C
5,117534354,A
5,117534355,A
5,117534356,A
5,117534357,T
5,117534358,T
5,117534359,T
5,117534360,G
5,117534361,A
5,117534362,T
5,117534363,G
5,117534364,A
5,117534365,A
6,117535248,G
6,117535249,G
6,117535250,A
6,117535251,C
6,117535252,T
6,117535253,T
6,117535254,G
6,117535255,C
6,117535256,A
6,117535257,T
6,117535258,T
6,117535259,G
6,117535260,G
6,117535261,C
6,117535262,A
6,117535263,C
6,117535264,A
6,117535265,T
6,117535266,T
6,117535267,T
6,117535268,C
6,117535269,G
6,117535270,T
6,117535271,G
6,117535272,T
6,117535273,G
6,117535274,G
6,117535275,A
6,117535276,T
6,117535277,C
6,117535278,G
6,117535279,C
6,117535280,T
6,117535281,C
6,117535282,C
6,117535283,T
6,117535284,T
6,117535285,T
6,117535286,G
6,117535287,C
6,117535288,A
6,117535289,A
6,117535290,G
6,117535291,T
6,117535292,G
6,117535293,G
6,117535294,C
6,117535295,A
6,117535296,C
6,117535297,T
6,117535298,C
6,117535299,C
6,117535300,T
6,117535301,C
6,117535302,A
6,117535303,T
6,117535304,G
6,117535305,G
6,117535306,G
6,117535307,G
6,117535308,C
6,117535309,T
6,117535310,A
6,117535311,A
6,117535312,T
6,117535313,C
6,117535314,T
6,117535315,G
6,117535316,G
6,117535317,G
6,117535318,A
6,117535319,G
6,117535320,T
6,117535321,T
6,117535322,G
6,117535323,T
6,117535324,T
6,117535325,A
6,117535326,C
6,117535327,A
6,117535328,G
6,117535329,G
6,117535330,C
6,117535331,G
6,117535332,T
6,117535333,C
6,117535334,T
6,117535335,G
6,117535336,C
6,117535337,C
6,117535338,T
6,117535339,T
6,117535340,C
6,117535341,T
6,117535342,G
6,117535343,T
6,117535344,G
6,117535345,G
6,117535346,A
6,117535347,C
6,117535348,T
6,117535349,T
6,117535350,G
6,117535351,G
6,117535352,T
6,117535353,T
6,117535354,T
6,117535355,C
6,117535356,C
6,117535357,T
6,117535358,G
6,117535359,A
6,117535360,T
6,117535361,A
6,117535362,G
6,117535363,T
6,117535364,C
6,117535365,C
6,117535366,T
6,117535367,T
6,117535368,G
6,117535369,C
6,117535370,C
6,117535371,C
6,117535372,T
6,117535373,T
6,117535374,T
6,117535375,T
6,117535376,T
6,117535377,C
6,117535378,A
6,117535379,G
6,117535380,G
6,117535381,C
6,117535382,T
6,117535383,G
6,117535384,G
6,117535385,G
6,117535386,C
6,117535387,T
6,117535388,A
6,117535389,G
6,117535390,G
6,117535391,G
6,117535392,A
6,117535393,G
6,117535394,A
6,117535395,A
6,117535396,T
6,117535397,G
6,117535398,A
6,117535399,T
6,117535400,G
6,117535401,A
6,117535402,T
6,117535403,G
6,117535404,A
6,117535405,A
6,117535406,G
6,117535407,T
6,117535408,A
6,117535409,C
6,117535410,A
6,117535411,G
7,117536548,A
7,117536549,G
7,117536550,A
7,117536551,T
7,117536552,C
7,117536553,A
7,117536554,G
7,117536555,A
7,117536556,G
7,117536557,A
7,117536558,G
7,117536559,C
7,117536560,T
7,117536561,G
7,117536562,G
7,117536563,G
7,117536564,A
7,117536565,A
7,117536566,G
7,117536567,A
7,117536568,T
7,117536569,C
7,117536570,A
7,117536571,G
7,117536572,T
7,117536573,G
7,117536574,A
7,117536575,A
7,117536576,A
7,117536577,G
7,117536578,A
7,117536579,C
7,117536580,T
7,117536581,T
7,117536582,G
7,117536583,T
7,117536584,G
7,117536585,A
7,117536586,T
7,117536587,T
7,117536588,A
7,117536589,C
7,117536590,C
7,117536591,T
7,117536592,C
7,117536593,A
7,117536594,G
7,117536595,A
7,117536596,A
7,117536597,A
7,117536598,T
7,117536599,G
7,117536600,A
7,117536601,T
7,117536602,T
7,117536603,G
7,117536604,A
7,117536605,A
7,117536606,A
7,117536607,A
7,117536608,T
7,117536609,A
7,117536610,T
7,117536611,C
7,117536612,C
7,117536613,A
7,117536614,A
7,117536615,T
7,117536616,C
7,117536617,T
7,117536618,G
7,117536619,T
7,117536620,T
7,117536621,A
7,117536622,A
7,117536623,G
7,117536624,G
7,117536625,C
7,117536626,A
7,117536627,T
7,117536628,A
7,117536629,C
7,117536630,T
7,117536631,G
7,117536632,C
7,117536633,T
7,117536634,G
7,117536635,G
7,117536636,G
7,117536637,A
7,117536638,A
7,117536639,G
7,117536640,A
7,117536641,A
7,117536642,G
7,117536643,C
7,117536644,A
7,117536645,A
7,117536646,T
7,117536647,G
7,117536648,G
7,117536649,A
7,117536650,A
7,117536651,A
7,117536652,A
7,117536653,A
7,117536654,A
7,117536655,T
7,117536656,G
7,117536657,A
7,117536658,T
7,117536659,T
7,117536660,G
7,117536661,A
7,117536662,A
7,117536663,A
7,117536664,A
7,117536665,C
7,117536666,T
7,117536667,T
7,117536668,A
7,117536669,A
7,117536670,G
7,117536671,A
7,117536672,C
7,117536673,A
8,117540100,A
8,117540101,A
8,117540102,C
8,117540103,A
8,117540104,G
8,117540105,A
8,117540106,A
8,117540107,C
8,117540108,T
8,117540109,G
8,117540110,A
8,117540111,A
8,117540112,A
8,117540113,C
8,117540114,T
8,117540115,G
8,117540116,A
8,117540117,C
8,117540118,T
8,117540119,C
8,117540120,G
8,117540121,G
8,117540122,A
8,117540123,A
8,117540124,G
8,117540125,G
8,117540126,C
8,117540127,A
8,117540128,G
8,117540129,C
8,117540130,C
8,117540131,T
8,117540132,A
8,117540133,T
8,117540134,G
8,117540135,T
8,117540136,G
8,117540137,A
8,117540138,G
8,117540139,A
8,117540140,T
8,117540141,A
8,117540142,C
8,117540143,T
8,117540144,T
8,117540145,C
8,117540146,A
8,117540147,A
8,117540148,T
8,117540149,A
8,117540150,G
8,117540151,C
8,117540152,T
8,117540153,C
8,117540154,A
8,117540155,G
8,117540156,C
8,117540157,C
8,117540158,T
8,117540159,T
8,117540160,C
8,117540161,T
8,117540162,T
8,117540163,C
8,117540164,T
8,117540165,T
8,117540166,C
8,117540167,T
8,117540168,C
8,117540169,A
8,117540170,G
8,117540171,G
8,117540172,G
8,117540173,T
8,117540174,T
8,117540175,C
8,117540176,T
8,117540177,T
8,117540178,T
8,117540179,G
8,117540180,T
8,117540181,G
8,117540182,G
8,117540183,T
8,117540184,G
8,117540185,T
8,117540186,T
8,117540187,T
8,117540188,T
8,117540189,T
8,117540190,A
8,117540191,T
8,117540192,C
8,117540193,T
8,117540194,G
8,117540195,T
8,117540196,G
8,117540197,C
8,117540198,T
8,117540199,T
8,117540200,C
8,117540201,C
8,117540202,C
8,117540203,T
8,117540204,A
8,117540205,T
8,117540206,G
8,117540207,C
8,117540208,A
8,117540209,C
8,117540210,T
8,117540211,A
8,117540212,A
8,117540213,T
8,117540214,C
8,117540215,A
8,117540216,A
8,117540217,A
8,117540218,G
8,117540219,G
8,117540220,A
8,117540221,A
8,117540222,T
8,117540223,C
8,117540224,A
8,117540225,T
8,117540226,C
8,117540227,C
8,117540228,T
8,117540229,C
8,117540230,C
8,117540231,G
8,117540232,G
8,117540233,A
8,117540234,A
8,117540235,A
8,117540236,A
8,117540237,T
8,117540238,A
8,117540239,T
8,117540240,T
8,117540241,C
8,117540242,A
8,117540243,C
8,117540244,C
8,117540245,A
8,117540246,C
8,117540247,C
8,117540248,A
8,117540249,T
8,117540250,C
8,117540251,T
8,117540252,C
8,117540253,A
8,117540254,T
8,117540255,T
8,117540256,C
8,117540257,T
8,117540258,G
8,117540259,C
8,117540260,A
8,117540261,T
8,117540262,T
8,117540263,G
8,117540264,T
8,117540265,T
8,117540266,C
8,117540267,T
8,117540268,G
8,117540269,C
8,117540270,G
8,117540271,C
8,117540272,A
8,117540273,T
8,117540274,G
8,117540275,G
8,117540276,C
8,117540277,G
8,117540278,G
8,117540279,T
8,117540280,C
8,117540281,A
8,117540282,C
8,117540283,T
8,117540284,C
8,117540285,G
8,117540286,G
8,117540287,C
8,117540288,A
8,117540289,A
8,117540290,T
8,117540291,T
8,117540292,T
8,117540293,C
8,117540294,C
8,117540295,C
8,117540296,T
8,117540297,G
8,117540298,G
8,117540299,G
8,117540300,C
8,117540301,T
8,117540302,G
8,117540303,T
8,117540304,A
8,117540305,C
8,117540306,A
8,117540307,A
8,117540308,A
8,117540309,C
8,117540310,A
8,117540311,T
8,117540312,G
8,117540313,G
8,117540314,T
8,117540315,A
8,117540316,T
8,117540317,G
8,117540318,A
8,117540319,C
8,117540320,T
8,117540321,C
8,117540322,T
8,117540323,C
8,117540324,T
8,117540325,T
8,117540326,G
8,117540327,G
8,117540328,A
8,117540329,G
8,117540330,C
8,117540331,A
8,117540332,A
8,117540333,T
8,117540334,A
8,117540335,A
8,117540336,A
8,117540337,C
8,117540338,A
8,117540339,A
8,117540340,A
8,117540341,A
8,117540342,T
8,117540343,A
8,117540344,C
8,117540345,A
8,117540346,G
9,117542016,G
9,117542017,A
9,117542018,T
9,117542019,T
9,117542020,T
9,117542021,C
9,117542022,T
9,117542023,T
9,117542024,A
9,117542025,C
9,117542026,A
9,117542027,A
9,117542028,A
9,117542029,A
9,117542030,G
9,117542031,C
9,117542032,A
9,117542033,A
9,117542034,G
9,117542035,A
9,117542036,A
9,117542037,T
9,117542038,A
9,117542039,T
9,117542040,A
9,117542041,A
9,117542042,G
9,117542043,A
9,117542044,C
9,117542045,A
9,117542046,T
9,117542047,T
9,117542048,G
9,117542049,G
9,117542050,A
9,117542051,A
9,117542052,T
9,117542053,A
9,117542054,T
9,117542055,A
9,117542056,A
9,117542057,C
9,117542058,T
9,117542059,T
9,117542060,A
9,117542061,A
9,117542062,C
9,117542063,G
9,117542064,A
9,117542065,C
9,117542066,T
9,117542067,A
9,117542068,C
9,117542069,A
9,117542070,G
9,117542071,A
9,117542072,A
9,117542073,G
9,117542074,T
9,117542075,A
9,117542076,G
9,117542077,T
9,117542078,G
9,117542079,A
9,117542080,T
9,117542081,G
9,117542082,G
9,117542083,A
9,117542084,G
9,117542085,A
9,117542086,A
9,117542087,T
9,117542088,G
9,117542089,T
9,117542090,A
9,117542091,A
9,117542092,C
9,117542093,A
9,117542094,G
9,117542095,C
9,117542096,C
9,117542097,T
9,117542098,T
9,117542099,C
9,117542100,T
9,117542101,G
9,117542102,G
9,117542103,G
9,117542104,A
9,117542105,G
9,117542106,G
9,117542107,A
9,117542108,G
10,117548641,G
10,117548642,G
10,117548643,A
10,117548644,T
10,117548645,T
10,117548646,T
10,117548647,G
10,117548648,G
10,117548649,G
10,117548650,G
10,117548651,A
10,117548652,A
10,117548653,T
10,117548654,T
10,117548655,A
10,117548656,T
10,117548657,T
10,117548658,T
10,117548659,G
10,117548660,A
10,117548661,G
10,117548662,A
10,117548663,A
10,117548664,A
10,117548665,G
10,117548666,C
10,117548667,A
10,117548668,A
10,117548669,A
10,117548670,A
10,117548671,C
10,117548672,A
10,117548673,A
10,117548674,A
10,117548675,A
10,117548676,C
10,117548677,A
10,117548678,A
10,117548679,T
10,117548680,A
10,117548681,A
10,117548682,C
10,117548683,A
10,117548684,A
10,117548685,T
10,117548686,A
10,117548687,G
10,117548688,A
10,117548689,A
10,117548690,A
10,117548691,A
10,117548692,A
10,117548693,C
10,117548694,T
10,117548695,T
10,117548696,C
10,117548697,T
10,117548698,A
10,117548699,A
10,117548700,T
10,117548701,G
10,117548702,G
10,117548703,T
10,117548704,G
10,117548705,A
10,117548706,T
10,117548707,G
10,117548708,A
10,117548709,C
10,117548710,A
10,117548711,G
10,117548712,C
10,117548713,C
10,117548714,T
10,117548715,C
10,117548716,T
10,117548717,T
10,117548718,C
10,117548719,T
10,117548720,T
10,117548721,C
10,117548722,A
10,117548723,G
10,117548724,T
10,117548725,A
10,117548726,A
10,117548727,T
10,117548728,T
10,117548729,T
10,117548730,C
10,117548731,T
10,117548732,C
10,117548733,A
10,117548734,C
10,117548735,T
10,117548736,T
10,117548737,C
10,117548738,T
10,117548739,T
10,117548740,G
10,117548741,G
10,117548742,T
10,117548743,A
10,117548744,C
10,117548745,T
10,117548746,C
10,117548747,C
10,117548748,T
10,117548749,G
10,117548750,T
10,117548751,C
10,117548752,C
10,117548753,T
10,117548754,G
10,117548755,A
10,117548756,A
10,117548757,A
10,117548758,G
10,117548759,A
10,117548760,T
10,117548761,A
10,117548762,T
10,117548763,T
10,117548764,A
10,117548765,A
10,117548766,T
10,117548767,T
10,117548768,T
10,117548769,C
10,117548770,A
10,117548771,A
10,117548772,G
10,117548773,A
10,117548774,T
10,117548775,A
10,117548776,G
10,117548777,A
10,117548778,A
10,117548779,A
10,117548780,G
10,117548781,A
10,117548782,G
10,117548783,G
10,117548784,A
10,117548785,C
10,117548786,A
10,117548787,G
10,117548788,T
10,117548789,T
10,117548790,G
10,117548791,T
10,117548792,T
10,117548793,G
10,117548794,G
10,117548795,C
10,117548796,G
10,117548797,G
10,117548798,T
10,117548799,T
10,117548800,G
10,117548801,C
10,117548802,T
10,117548803,G
10,117548804,G
10,117548805,A
10,117548806,T
10,117548807,C
10,117548808,C
10,117548809,A
10,117548810,C
10,117548811,T
10,117548812,G
10,117548813,G
10,117548814,A
10,117548815,G
10,117548816,C
10,117548817,A
10,117548818,G
10,117548819,G
10,117548820,C
10,117548821,A
10,117548822,A
10,117548823,G
11,117559464,A
11,117559465,C
11,117559466,T
11,117559467,T
11,117559468,C
11,117559469,A
11,117559470,C
11,117559471,T
11,117559472,T
11,117559473,C
11,117559474,T
11,117559475,A
11,117559476,A
11,117559477,T
11,117559478,G
11,117559479,G
11,117559480,T
11,117559481,G
11,117559482,A
11,117559483,T
11,117559484,T
11,117559485,A
11,117559486,T
11,117559487,G
11,117559488,G
11,117559489,G
11,117559490,A
11,117559491,G
11,117559492,A
11,117559493,A
11,117559494,C
11,117559495,T
11,117559496,G
11,117559497,G
11,117559498,A
11,117559499,G
11,117559500,C
11,117559501,C
11,117559502,T
11,117559503,T
11,117559504,C
11,117559505,A
11,117559506,G
11,117559507,A
11,117559508,G
11,117559509,G
11,117559510,G
11,117559511,T
11,117559512,A
11,117559513,A
11,117559514,A
11,117559515,A
11,117559516,T
11,117559517,T
11,117559518,A
11,117559519,A
11,117559520,G
11,117559521,C
11,117559522,A
11,117559523,C
11,117559524,A
11,117559525,G
11,117559526,T
11,117559527,G
11,117559528,G
11,117559529,A
11,117559530,A
11,117559531,G
11,117559532,A
11,117559533,A
11,117559534,T
11,117559535,T
11,117559536,T
11,117559537,C
11,117559538,A
11,117559539,T
11,117559540,T
11,117559541,C
11,117559542,T
11,117559543,G
11,117559544,T
11,117559545,T
11,117559546,C
11,117559547,T
11,117559548,C
11,117559549,A
11,117559550,G
11,117559551,T
11,117559552,T
11,117559553,T
11,117559554,T
11,117559555,C
11,117559556,C
11,117559557,T
11,117559558,G
11,117559559,G
11,117559560,A
11,117559561,T
11,117559562,T
11,117559563,A
11,117559564,T
11,117559565,G
11,117559566,C
11,117559567,C
11,117559568,T
11,117559569,G
11,117559570,G
11,117559571,C
11,117559572,A
11,117559573,C
11,117559574,C
11,117559575,A
11,117559576,T
11,117559577,T
11,117559578,A
11,117559579,A
11,117559580,A
11,117559581,G
11,117559582,A
11,117559583,A
11,117559584,A
11,117559585,A
11,117559586,T
11,117559587,A
11,117559588,T
11,117559589,C
11,117559590,A
11,117559591,T
11,117559592,C
11,117559593,T
11,117559594,T
11,117559595,T
11,117559596,G
11,117559597,G
11,117559598,T
11,117559599,G
11,117559600,T
11,117559601,T
11,117559602,T
11,117559603,C
11,117559604,C
11,117559605,T
11,117559606,A
11,117559607,T
11,117559608,G
11,117559609,A
11,117559610,T
11,117559611,G
11,117559612,A
11,117559613,A
11,117559614,T
11,117559615,A
11,117559616,T
11,117559617,A
11,117559618,G
11,117559619,A
11,117559620,T
11,117559621,A
11,117559622,C
11,117559623,A
11,117559624,G
11,117559625,A
11,117559626,A
11,117559627,G
11,117559628,C
11,117559629,G
11,117559630,T
11,117559631,C
11,117559632,A
11,117559633,T
11,117559634,C
11,117559635,A
11,117559636,A
11,117559637,A
11,117559638,G
11,117559639,C
11,117559640,A
11,117559641,T
11,117559642,G
11,117559643,C
11,117559644,C
11,117559645,A
11,117559646,A
11,117559647,C
11,117559648,T
11,117559649,A
11,117559650,G
11,117559651,A
11,117559652,A
11,117559653,G
11,117559654,A
11,117559655,G
12,117587739,G
12,117587740,A
12,117587741,C
12,117587742,A
12,117587743,T
12,117587744,C
12,117587745,T
12,117587746,C
12,117587747,C
12,117587748,A
12,117587749,A
12,117587750,G
12,117587751,T
12,117587752,T
12,117587753,T
12,117587754,G
12,117587755,C
12,117587756,A
12,117587757,G
12,117587758,A
12,117587759,G
12,117587760,A
12,117587761,A
12,117587762,A
12,117587763,G
12,117587764,A
12,117587765,C
12,117587766,A
12,117587767,A
12,117587768,T
12,117587769,A
12,117587770,T
12,117587771,A
12,117587772,G
12,117587773,T
12,117587774,T
12,117587775,C
12,117587776,T
12,117587777,T
12,117587778,G
12,117587779,G
12,117587780,A
12,117587781,G
12,117587782,A
12,117587783,A
12,117587784,G
12,117587785,G
12,117587786,T
12,117587787,G
12,117587788,G
12,117587789,A
12,117587790,A
12,117587791,T
12,117587792,C
12,117587793,A
12,117587794,C
12,117587795,A
12,117587796,C
12,117587797,T
12,117587798,G
12,117587799,A
12,117587800,G
12,117587801,T
12,117587802,G
12,117587803,G
12,117587804,A
12,117587805,G
12,117587806,G
12,117587807,T
12,117587808,C
12,117587809,A
12,117587810,A
12,117587811,C
12,117587812,G
12,117587813,A
12,117587814,G
12,117587815,C
12,117587816,A
12,117587817,A
12,117587818,G
12,117587819,A
12,117587820,A
12,117587821,T
12,117587822,T
12,117587823,T
12,117587824,C
12,117587825,T
12,117587826,T
12,117587827,T
12,117587828,A
12,117587829,G
12,117587830,C
12,117587831,A
12,117587832,A
12,117587833,G
13,117590353,A
13,117590354,G
13,117590355,C
13,117590356,A
13,117590357,G
13,117590358,T
13,117590359,A
13,117590360,T
13,117590361,A
13,117590362,C
13,117590363,A
13,117590364,A
13,117590365,A
13,117590366,G
13,117590367,A
13,117590368,T
13,117590369,G
13,117590370,C
13,117590371,T
13,117590372,G
13,117590373,A
13,117590374,T
13,117590375,T
13,117590376,T
13,117590377,G
13,117590378,T
13,117590379,A
13,117590380,T
13,117590381,T
13,117590382,T
13,117590383,A
13,117590384,T
13,117590385,T
13,117590386,A
13,117590387,G
13,117590388,A
13,117590389,C
13,117590390,T
13,117590391,C
13,117590392,T
13,117590393,C
13,117590394,C
13,117590395,T
13,117590396,T
13,117590397,T
13,117590398,T
13,117590399,G
13,117590400,G
13,117590401,A
13,117590402,T
13,117590403,A
13,117590404,C
13,117590405,C
13,117590406,T
13,117590407,A
13,117590408,G
13,117590409,A
13,117590410,T
13,117590411,G
13,117590412,T
13,117590413,T
13,117590414,T
13,117590415,T
13,117590416,A
13,117590417,A
13,117590418,C
13,117590419,A
13,117590420,G
13,117590421,A
13,117590422,A
13,117590423,A
13,117590424,A
13,117590425,A
13,117590426,G
13,117590427,A
13,117590428,A
13,117590429,A
13,117590430,T
13,117590431,A
13,117590432,T
13,117590433,T
13,117590434,T
13,117590435,G
13,117590436,A
13,117590437,A
13,117590438,A
13,117590439,G
14,117591934,C
14,117591935,T
14,117591936,G
14,117591937,T
14,117591938,G
14,117591939,T
14,117591940,C
14,117591941,T
14,117591942,G
14,117591943,T
14,117591944,A
14,117591945,A
14,117591946,A
14,117591947,C
14,117591948,T
14,117591949,G
14,117591950,A
14,117591951,T
14,117591952,G
14,117591953,G
14,117591954,C
14,117591955,T
14,117591956,A
14,117591957,A
14,117591958,C
14,117591959,A
14,117591960,A
14,117591961,A
14,117591962,A
14,117591963,C
14,117591964,T
14,117591965,A
14,117591966,G
14,117591967,G
14,117591968,A
14,117591969,T
14,117591970,T
14,117591971,T
14,117591972,T
14,117591973,G
14,117591974,G
14,117591975,T
14,117591976,C
14,117591977,A
14,117591978,C
14,117591979,T
14,117591980,T
14,117591981,C
14,117591982,T
14,117591983,A
14,117591984,A
14,117591985,A
14,117591986,A
14,117591987,T
14,117591988,G
14,117591989,G
14,117591990,A
14,117591991,A
14,117591992,C
14,117591993,A
14,117591994,T
14,117591995,T
14,117591996,T
14,117591997,A
14,117591998,A
14,117591999,A
14,117592000,G
14,117592001,A
14,117592002,A
14,117592003,A
14,117592004,G
14,117592005,C
14,117592006,T
14,117592007,G
14,117592008,A
14,117592009,C
14,117592010,A
14,117592011,A
14,117592012,A
14,117592013,A
14,117592014,T
14,117592015,A
14,117592016,T
14,117592017,T
14,117592018,A
14,117592019,A
14,117592020,T
14,117592021,T
14,117592022,T
14,117592023,T
14,117592024,G
14,117592025,C
14,117592026,A
14,117592027,T
14,117592028,G
14,117592029,A
14,117592030,A
14,117592031,G
14,117592032,G
14,117592033,T
14,117592034,A
14,117592035,G
14,117592036,C
14,117592037,A
14,117592038,G
14,117592039,C
14,117592040,T
14,117592041,A
14,117592042,T
14,117592043,T
14,117592044,T
14,117592045,T
14,117592046,T
14,117592047,A
14,117592048,T
14,117592049,G
14,117592050,G
14,117592051,G
14,117592052,A
14,117592053,C
14,117592054,A
14,117592055,T
14,117592056,T
14,117592057,T
14,117592058,T
14,117592059,C
14,117592060,A
14,117592061,G
14,117592062,A
14,117592063,A
14,117592064,C
14,117592065,T
14,117592066,C
14,117592067,C
14,117592068,A
14,117592069,A
14,117592070,A
14,117592071,A
14,117592072,T
14,117592073,C
14,117592074,T
14,117592075,A
14,117592076,C
14,117592077,A
14,117592078,G
14,117592079,C
14,117592080,C
14,117592081,A
14,117592082,G
14,117592083,A
14,117592084,C
14,117592085,T
14,117592086,T
14,117592087,T
14,117592088,A
14,117592089,G
14,117592090,C
14,117592091,T
14,117592092,C
14,117592093,A
14,117592094,A
14,117592095,A
14,117592096,A
14,117592097,C
14,117592098,T
14,117592099,C
14,117592100,A
14,117592101,T
14,117592102,G
14,117592103,G
14,117592104,G
14,117592105,A
14,117592106,T
14,117592107,G
14,117592108,T
14,117592109,G
14,117592110,A
14,117592111,T
14,117592112,T
14,117592113,C
14,117592114,T
14,117592115,T
14,117592116,T
14,117592117,C
14,117592118,G
14,117592119,A
14,117592120,C
14,117592121,C
14,117592122,A
14,117592123,A
14,117592124,T
14,117592125,T
14,117592126,T
14,117592127,A
14,117592128,G
14,117592129,T
14,117592130,G
14,117592131,C
14,117592132,A
14,117592133,G
14,117592134,A
14,117592135,A
14,117592136,A
14,117592137,G
14,117592138,A
14,117592139,A
14,117592140,G
14,117592141,A
14,117592142,A
14,117592143,A
14,117592144,T
14,117592145,T
14,117592146,C
14,117592147,A
14,117592148,A
14,117592149,T
14,117592150,C
14,117592151,C
14,117592152,T
14,117592153,A
14,117592154,A
14,117592155,C
14,117592156,T
14,117592157,G
14,117592158,A
14,117592159,G
14,117592160,A
14,117592161,C
14,117592162,C
14,117592163,T
14,117592164,T
14,117592165,A
14,117592166,C
14,117592167,A
14,117592168,C
14,117592169,C
14,117592170,G
14,117592171,T
14,117592172,T
14,117592173,T
14,117592174,C
14,117592175,T
14,117592176,C
14,117592177,A
14,117592178,T
14,117592179,T
14,117592180,A
14,117592181,G
14,117592182,A
14,117592183,A
14,117592184,G
14,117592185,G
14,117592186,A
14,117592187,G
14,117592188,A
14,117592189,T
14,117592190,G
14,117592191,C
14,117592192,T
14,117592193,C
14,117592194,C
14,117592195,T
14,117592196,G
14,117592197,T
14,117592198,C
14,117592199,T
14,117592200,C
14,117592201,C
14,117592202,T
14,117592203,G
14,117592204,G
14,117592205,A
14,117592206,C
14,117592207,A
14,117592208,G
14,117592209,A
14,117592210,A
14,117592211,A
14,117592212,C
14,117592213,A
14,117592214,A
14,117592215,A
14,117592216,A
14,117592217,A
14,117592218,A
14,117592219,A
14,117592220,C
14,117592221,A
14,117592222,A
14,117592223,T
14,117592224,C
14,117592225,T
14,117592226,T
14,117592227,T
14,117592228,T
14,117592229,A
14,117592230,A
14,117592231,A
14,117592232,C
14,117592233,A
14,117592234,G
14,117592235,A
14,117592236,C
14,117592237,T
14,117592238,G
14,117592239,G
14,117592240,A
14,117592241,G
14,117592242,A
14,117592243,G
14,117592244,T
14,117592245,T
14,117592246,T
14,117592247,G
14,117592248,G
14,117592249,G
14,117592250,G
14,117592251,A
14,117592252,A
14,117592253,A
14,117592254,A
14,117592255,A
14,117592256,A
14,117592257,G
14,117592258,G
14,117592259,A
14,117592260,A
14,117592261,G
14,117592262,A
14,117592263,A
14,117592264,T
14,117592265,T
14,117592266,C
14,117592267,T
14,117592268,A
14,117592269,T
14,117592270,T
14,117592271,C
14,117592272,T
14,117592273,C
14,117592274,A
14,117592275,A
14,117592276,T
14,117592277,C
14,117592278,C
14,117592279,A
14,117592280,A
14,117592281,T
14,117592282,C
14,117592283,A
14,117592284,A
14,117592285,C
14,117592286,T
14,117592287,C
14,117592288,T
14,117592289,A
14,117592290,T
14,117592291,A
14,117592292,C
14,117592293,G
14,117592294,A
14,117592295,A
14,117592296,A
14,117592297,A
14,117592298,T
14,117592299,T
14,117592300,T
14,117592301,T
14,117592302,C
14,117592303,C
14,117592304,A
14,117592305,T
14,117592306,T
14,117592307,G
14,117592308,T
14,117592309,G
14,117592310,C
14,117592311,A
14,117592312,A
14,117592313,A
14,117592314,A
14,117592315,G
14,117592316,A
14,117592317,C
14,117592318,T
14,117592319,C
14,117592320,C
14,117592321,C
14,117592322,T
14,117592323,T
14,117592324,A
14,117592325,C
14,117592326,A
14,117592327,A
14,117592328,A
14,117592329,T
14,117592330,G
14,117592331,A
14,117592332,A
14,117592333,T
14,117592334,G
14,117592335,G
14,117592336,C
14,117592337,A
14,117592338,T
14,117592339,C
14,117592340,G
14,117592341,A
14,117592342,A
14,117592343,G
14,117592344,A
14,117592345,G
14,117592346,G
14,117592347,A
14,117592348,T
14,117592349,T
14,117592350,C
14,117592351,T
14,117592352,G
14,117592353,A
14,117592354,T
14,117592355,G
14,117592356,A
14,117592357,G
14,117592358,C
14,117592359,C
14,117592360,T
14,117592361,T
14,117592362,T
14,117592363,A
14,117592364,G
14,117592365,A
14,117592366,G
14,117592367,A
14,117592368,G
14,117592369,A
14,117592370,A
14,117592371,G
14,117592372,G
14,117592373,C
14,117592374,T
14,117592375,G
14,117592376,T
14,117592377,C
14,117592378,C
14,117592379,T
14,117592380,T
14,117592381,A
14,117592382,G
14,117592383,T
14,117592384,A
14,117592385,C
14,117592386,C
14,117592387,A
14,117592388,G
14,117592389,A
14,117592390,T
14,117592391,T
14,117592392,C
14,117592393,T
14,117592394,G
14,117592395,A
14,117592396,G
14,117592397,C
14,117592398,A
14,117592399,G
14,117592400,G
14,117592401,G
14,117592402,A
14,117592403,G
14,117592404,A
14,117592405,G
14,117592406,G
14,117592407,C
14,117592408,G
14,117592409,A
14,117592410,T
14,117592411,A
14,117592412,C
14,117592413,T
14,117592414,G
14,117592415,C
14,117592416,C
14,117592417,T
14,117592418,C
14,117592419,G
14,117592420,C
14,117592421,A
14,117592422,T
14,117592423,C
14,117592424,A
14,117592425,G
14,117592426,C
14,117592427,G
14,117592428,T
14,117592429,G
14,117592430,A
14,117592431,T
14,117592432,C
14,117592433,A
14,117592434,G
14,117592435,C
14,117592436,A
14,117592437,C
14,117592438,T
14,117592439,G
14,117592440,G
14,117592441,C
14,117592442,C
14,117592443,C
14,117592444,C
14,117592445,A
14,117592446,C
14,117592447,G
14,117592448,C
14,117592449,T
14,117592450,T
14,117592451,C
14,117592452,A
14,117592453,G
14,117592454,G
14,117592455,C
14,117592456,A
14,117592457,C
14,117592458,G
14,117592459,A
14,117592460,A
14,117592461,G
14,117592462,G
14,117592463,A
14,117592464,G
14,117592465,G
14,117592466,C
14,117592467,A
14,117592468,G
14,117592469,T
14,117592470,C
14,117592471,T
14,117592472,G
14,117592473,T
14,117592474,C
14,117592475,C
14,117592476,T
14,117592477,G
14,117592478,A
14,117592479,A
14,117592480,C
14,117592481,C
14,117592482,T
14,117592483,G
14,117592484,A
14,117592485,T
14,117592486,G
14,117592487,A
14,117592488,C
14,117592489,A
14,117592490,C
14,117592491,A
14,117592492,C
14,117592493,T
14,117592494,C
14,117592495,A
14,117592496,G
14,117592497,T
14,117592498,T
14,117592499,A
14,117592500,A
14,117592501,C
14,117592502,C
14,117592503,A
14,117592504,A
14,117592505,G
14,117592506,G
14,117592507,T
14,117592508,C
14,117592509,A
14,117592510,G
14,117592511,A
14,117592512,A
14,117592513,C
14,117592514,A
14,117592515,T
14,117592516,T
14,117592517,C
14,117592518,A
14,117592519,C
14,117592520,C
14,117592521,G
14,117592522,A
14,117592523,A
14,117592524,A
14,117592525,G
14,117592526,A
14,117592527,C
14,117592528,A
14,117592529,A
14,117592530,C
14,117592531,A
14,117592532,G
14,117592533,C
14,117592534,A
14,117592535,T
14,117592536,C
14,117592537,C
14,117592538,A
14,117592539,C
14,117592540,A
14,117592541,C
14,117592542,G
14,117592543,A
14,117592544,A
14,117592545,A
14,117592546,A
14,117592547,G
14,117592548,T
14,117592549,G
14,117592550,T
14,117592551,C
14,117592552,A
14,117592553,C
14,117592554,T
14,117592555,G
14,117592556,G
14,117592557,C
14,117592558,C
14,117592559,C
14,117592560,C
14,117592561,T
14,117592562,C
14,117592563,A
14,117592564,G
14,117592565,G
14,117592566,C
14,117592567,A
14,117592568,A
14,117592569,A
14,117592570,C
14,117592571,T
14,117592572,T
14,117592573,G
14,117592574,A
14,117592575,C
14,117592576,T
14,117592577,G
14,117592578,A
14,117592579,A
14,117592580,C
14,117592581,T
14,117592582,G
14,117592583,G
14,117592584,A
14,117592585,T
14,117592586,A
14,117592587,T
14,117592588,A
14,117592589,T
14,117592590,A
14,117592591,T
14,117592592,T
14,117592593,C
14,117592594,A
14,117592595,A
14,117592596,G
14,117592597,A
14,117592598,A
14,117592599,G
14,117592600,G
14,117592601,T
14,117592602,T
14,117592603,A
14,117592604,T
14,117592605,C
14,117592606,T
14,117592607,C
14,117592608,A
14,117592609,A
14,117592610,G
14,117592611,A
14,117592612,A
14,117592613,A
14,117592614,C
14,117592615,T
14,117592616,G
14,117592617,G
14,117592618,C
14,117592619,T
14,117592620,T
14,117592621,G
14,117592622,G
14,117592623,A
14,117592624,A
14,117592625,A
14,117592626,T
14,117592627,A
14,117592628,A
14,117592629,G
14,117592630,T
14,117592631,G
14,117592632,A
14,117592633,A
14,117592634,G
14,117592635,A
14,117592636,A
14,117592637,A
14,117592638,T
14,117592639,T
14,117592640,A
14,117592641,A
14,117592642,C
14,117592643,G
14,117592644,A
14,117592645,A
14,117592646,G
14,117592647,A
14,117592648,A
14,117592649,G
14,117592650,A
14,117592651,C
14,117592652,T
14,117592653,T
14,117592654,A
14,117592655,A
14,117592656,A
14,117592657,G
15,117594930,G
15,117594931,A
15,117594932,G
15,117594933,T
15,117594934,G
15,117594935,C
15,117594936,T
15,117594937,T
15,117594938,T
15,117594939,T
15,117594940,T
15,117594941,T
15,117594942,G
15,117594943,A
15,117594944,T
15,117594945,G
15,117594946,A
15,117594947,T
15,117594948,A
15,117594949,T
15,117594950,G
15,117594951,G
15,117594952,A
15,117594953,G
15,117594954,A
15,117594955,G
15,117594956,C
15,117594957,A
15,117594958,T
15,117594959,A
15,117594960,C
15,117594961,C
15,117594962,A
15,117594963,G
15,117594964,C
15,117594965,A
15,117594966,G
15,117594967,T
15,117594968,G
15,117594969,A
15,117594970,C
15,117594971,T
15,117594972,A
15,117594973,C
15,117594974,A
15,117594975,T
15,117594976,G
15,117594977,G
15,117594978,A
15,117594979,A
15,117594980,C
15,117594981,A
15,117594982,C
15,117594983,A
15,117594984,T
15,117594985,A
15,117594986,C
15,117594987,C
15,117594988,T
15,117594989,T
15,117594990,C
15,117594991,G
15,117594992,A
15,117594993,T
15,117594994,A
15,117594995,T
15,117594996,A
15,117594997,T
15,117594998,T
15,117594999,A
15,117595000,C
15,117595001,T
15,117595002,G
15,117595003,T
15,117595004,C
15,117595005,C
15,117595006,A
15,117595007,C
15,117595008,A
15,117595009,A
15,117595010,G
15,117595011,A
15,117595012,G
15,117595013,C
15,117595014,T
15,117595015,T
15,117595016,A
15,117595017,A
15,117595018,T
15,117595019,T
15,117595020,T
15,117595021,T
15,117595022,T
15,117595023,G
15,117595024,T
15,117595025,G
15,117595026,C
15,117595027,T
15,117595028,A
15,117595029,A
15,117595030,T
15,117595031,T
15,117595032,T
15,117595033,G
15,117595034,G
15,117595035,T
15,117595036,G
15,117595037,C
15,117595038,T
15,117595039,T
15,117595040,A
15,117595041,G
15,117595042,T
15,117595043,A
15,117595044,A
15,117595045,T
15,117595046,T
15,117595047,T
15,117595048,T
15,117595049,T
15,117595050,C
15,117595051,T
15,117595052,G
15,117595053,G
15,117595054,C
15,117595055,A
15,117595056,G
15,117595057,A
15,117595058,G
16,117602826,G
16,117602827,T
16,117602828,G
16,117602829,G
16,117602830,C
16,117602831,T
16,117602832,G
16,117602833,C
16,117602834,T
16,117602835,T
16,117602836,C
16,117602837,T
16,117602838,T
16,117602839,T
16,117602840,G
16,117602841,G
16,117602842,T
16,117602843,T
16,117602844,G
16,117602845,T
16,117602846,G
16,117602847,C
16,117602848,T
16,117602849,G
16,117602850,T
16,117602851,G
16,117602852,G
16,117602853,C
16,117602854,T
16,117602855,C
16,117602856,C
16,117602857,T
16,117602858,T
16,117602859,G
16,117602860,G
16,117602861,A
16,117602862,A
16,117602863,A
17,117603532,C
17,117603533,A
17,117603534,C
17,117603535,T
17,117603536,C
17,117603537,C
17,117603538,T
17,117603539,C
17,117603540,T
17,117603541,T
17,117603542,C
17,117603543,A
17,117603544,A
17,117603545,G
17,117603546,A
17,117603547,C
17,117603548,A
17,117603549,A
17,117603550,A
17,117603551,G
17,117603552,G
17,117603553,G
17,117603554,A
17,117603555,A
17,117603556,T
17,117603557,A
17,117603558,G
17,117603559,T
17,117603560,A
17,117603561,C
17,117603562,T
17,117603563,C
17,117603564,A
17,117603565,T
17,117603566,A
17,117603567,G
17,117603568,T
17,117603569,A
17,117603570,G
17,117603571,A
17,117603572,A
17,117603573,A
17,117603574,T
17,117603575,A
17,117603576,A
17,117603577,C
17,117603578,A
17,117603579,G
17,117603580,C
17,117603581,T
17,117603582,A
17,117603583,T
17,117603584,G
17,117603585,C
17,117603586,A
17,117603587,G
17,117603588,T
17,117603589,G
17,117603590,A
17,117603591,T
17,117603592,T
17,117603593,A
17,117603594,T
17,117603595,C
17,117603596,A
17,117603597,C
17,117603598,C
17,117603599,A
17,117603600,G
17,117603601,C
17,117603602,A
17,117603603,C
17,117603604,C
17,117603605,A
17,117603606,G
17,117603607,T
17,117603608,T
17,117603609,C
17,117603610,G
17,117603611,T
17,117603612,A
17,117603613,T
17,117603614,T
17,117603615,A
17,117603616,T
17,117603617,G
17,117603618,T
17,117603619,G
17,117603620,T
17,117603621,T
17,117603622,T
17,117603623,T
17,117603624,A
17,117603625,C
17,117603626,A
17,117603627,T
17,117603628,T
17,117603629,T
17,117603630,A
17,117603631,C
17,117603632,G
17,117603633,T
17,117603634,G
17,117603635,G
17,117603636,G
17,117603637,A
17,117603638,G
17,117603639,T
17,117603640,A
17,117603641,G
17,117603642,C
17,117603643,C
17,117603644,G
17,117603645,A
17,117603646,C
17,117603647,A
17,117603648,C
17,117603649,T
17,117603650,T
17,117603651,T
17,117603652,G
17,117603653,C
17,117603654,T
17,117603655,T
17,117603656,G
17,117603657,C
17,117603658,T
17,117603659,A
17,117603660,T
17,117603661,G
17,117603662,G
17,117603663,G
17,117603664,A
17,117603665,T
17,117603666,T
17,117603667,C
17,117603668,T
17,117603669,T
17,117603670,C
17,117603671,A
17,117603672,G
17,117603673,A
17,117603674,G
17,117603675,G
17,117603676,T
17,117603677,C
17,117603678,T
17,117603679,A
17,117603680,C
17,117603681,C
17,117603682,A
17,117603683,C
17,117603684,T
17,117603685,G
17,117603686,G
17,117603687,T
17,117603688,G
17,117603689,C
17,117603690,A
17,117603691,T
17,117603692,A
17,117603693,C
17,117603694,T
17,117603695,C
17,117603696,T
17,117603697,A
17,117603698,A
17,117603699,T
17,117603700,C
17,117603701,A
17,117603702,C
17,117603703,A
17,117603704,G
17,117603705,T
17,117603706,G
17,117603707,T
17,117603708,C
17,117603709,G
17,117603710,A
17,117603711,A
17,117603712,A
17,117603713,A
17,117603714,T
17,117603715,T
17,117603716,T
17,117603717,T
17,117603718,A
17,117603719,C
17,117603720,A
17,117603721,C
17,117603722,C
17,117603723,A
17,117603724,C
17,117603725,A
17,117603726,A
17,117603727,A
17,117603728,A
17,117603729,T
17,117603730,G
17,117603731,T
17,117603732,T
17,117603733,A
17,117603734,C
17,117603735,A
17,117603736,T
17,117603737,T
17,117603738,C
17,117603739,T
17,117603740,G
17,117603741,T
17,117603742,T
17,117603743,C
17,117603744,T
17,117603745,T
17,117603746,C
17,117603747,A
17,117603748,A
17,117603749,G
17,117603750,C
17,117603751,A
17,117603752,C
17,117603753,C
17,117603754,T
17,117603755,A
17,117603756,T
17,117603757,G
17,117603758,T
17,117603759,C
17,117603760,A
17,117603761,A
17,117603762,C
17,117603763,C
17,117603764,C
17,117603765,T
17,117603766,C
17,117603767,A
17,117603768,A
17,117603769,C
17,117603770,A
17,117603771,C
17,117603772,G
17,117603773,T
17,117603774,T
17,117603775,G
17,117603776,A
17,117603777,A
17,117603778,A
17,117603779,G
17,117603780,C
17,117603781,A
17,117603782,G
18,117606674,G
18,117606675,T
18,117606676,G
18,117606677,G
18,117606678,G
18,117606679,A
18,117606680,T
18,117606681,T
18,117606682,C
18,117606683,T
18,117606684,T
18,117606685,A
18,117606686,A
18,117606687,T
18,117606688,A
18,117606689,G
18,117606690,A
18,117606691,T
18,117606692,T
18,117606693,C
18,117606694,T
18,117606695,C
18,117606696,C
18,117606697,A
18,117606698,A
18,117606699,A
18,117606700,G
18,117606701,A
18,117606702,T
18,117606703,A
18,117606704,T
18,117606705,A
18,117606706,G
18,117606707,C
18,117606708,A
18,117606709,A
18,117606710,T
18,117606711,T
18,117606712,T
18,117606713,T
18,117606714,G
18,117606715,G
18,117606716,A
18,117606717,T
18,117606718,G
18,117606719,A
18,117606720,C
18,117606721,C
18,117606722,T
18,117606723,T
18,117606724,C
18,117606725,T
18,117606726,G
18,117606727,C
18,117606728,C
18,117606729,T
18,117606730,C
18,117606731,T
18,117606732,T
18,117606733,A
18,117606734,C
18,117606735,C
18,117606736,A
18,117606737,T
18,117606738,A
18,117606739,T
18,117606740,T
18,117606741,T
18,117606742,G
18,117606743,A
18,117606744,C
18,117606745,T
18,117606746,T
18,117606747,C
18,117606748,A
18,117606749,T
18,117606750,C
18,117606751,C
18,117606752,A
18,117606753,G
19,117610519,T
19,117610520,T
19,117610521,G
19,117610522,T
19,117610523,T
19,117610524,A
19,117610525,T
19,117610526,T
19,117610527,A
19,117610528,A
19,117610529,T
19,117610530,T
19,117610531,G
19,117610532,T
19,117610533,G
19,117610534,A
19,117610535,T
19,117610536,T
19,117610537,G
19,117610538,G
19,117610539,A
19,117610540,G
19,117610541,C
19,117610542,T
19,117610543,A
19,117610544,T
19,117610545,A
19,117610546,G
19,117610547,C
19,117610548,A
19,117610549,G
19,117610550,T
19,117610551,T
19,117610552,G
19,117610553,T
19,117610554,C
19,117610555,G
19,117610556,C
19,117610557,A
19,117610558,G
19,117610559,T
19,117610560,T
19,117610561,T
19,117610562,T
19,117610563,A
19,117610564,C
19,117610565,A
19,117610566,A
19,117610567,C
19,117610568,C
19,117610569,C
19,117610570,T
19,117610571,A
19,117610572,C
19,117610573,A
19,117610574,T
19,117610575,C
19,117610576,T
19,117610577,T
19,117610578,T
19,117610579,G
19,117610580,T
19,117610581,T
19,117610582,G
19,117610583,C
19,117610584,A
19,117610585,A
19,117610586,C
19,117610587,A
19,117610588,G
19,117610589,T
19,117610590,G
19,117610591,C
19,117610592,C
19,117610593,A
19,117610594,G
19,117610595,T
19,117610596,G
19,117610597,A
19,117610598,T
19,117610599,A
19,117610600,G
19,117610601,T
19,117610602,G
19,117610603,G
19,117610604,C
19,117610605,T
19,117610606,T
19,117610607,T
19,117610608,T
19,117610609,A
19,117610610,T
19,117610611,T
19,117610612,A
19,117610613,T
19,117610614,G
19,117610615,T
19,117610616,T
19,117610617,G
19,117610618,A
19,117610619,G
19,117610620,A
19,117610621,G
19,117610622,C
19,117610623,A
19,117610624,T
19,117610625,A
19,117610626,T
19,117610627,T
19,117610628,T
19,117610629,C
19,117610630,C
19,117610631,T
19,117610632,C
19,117610633,C
19,117610634,A
19,117610635,A
19,117610636,A
19,117610637,C
19,117610638,C
19,117610639,T
19,117610640,C
19,117610641,A
19,117610642,C
19,117610643,A
19,117610644,G
19,117610645,C
19,117610646,A
19,117610647,A
19,117610648,C
19,117610649,T
19,117610650,C
19,117610651,A
19,117610652,A
19,117610653,A
19,117610654,C
19,117610655,A
19,117610656,A
19,117610657,C
19,117610658,T
19,117610659,G
19,117610660,G
19,117610661,A
19,117610662,A
19,117610663,T
19,117610664,C
19,117610665,T
19,117610666,G
19,117610667,A
19,117610668,A
19,117610669,G
20,117611581,G
20,117611582,C
20,117611583,A
20,117611584,G
20,117611585,G
20,117611586,A
20,117611587,G
20,117611588,T
20,117611589,C
20,117611590,C
20,117611591,A
20,117611592,A
20,117611593,T
20,117611594,T
20,117611595,T
20,117611596,T
20,117611597,C
20,117611598,A
20,117611599,C
20,117611600,T
20,117611601,C
20,117611602,A
20,117611603,T
20,117611604,C
20,117611605,T
20,117611606,T
20,117611607,G
20,117611608,T
20,117611609,T
20,117611610,A
20,117611611,C
20,117611612,A
20,117611613,A
20,117611614,G
20,117611615,C
20,117611616,T
20,117611617,T
20,117611618,A
20,117611619,A
20,117611620,A
20,117611621,A
20,117611622,G
20,117611623,G
20,117611624,A
20,117611625,C
20,117611626,T
20,117611627,A
20,117611628,T
20,117611629,G
20,117611630,G
20,117611631,A
20,117611632,C
20,117611633,A
20,117611634,C
20,117611635,T
20,117611636,T
20,117611637,C
20,117611638,G
20,117611639,T
20,117611640,G
20,117611641,C
20,117611642,C
20,117611643,T
20,117611644,T
20,117611645,C
20,117611646,G
20,117611647,G
20,117611648,A
20,117611649,C
20,117611650,G
20,117611651,G
20,117611652,C
20,117611653,A
20,117611654,G
20,117611655,C
20,117611656,C
20,117611657,T
20,117611658,T
20,117611659,A
20,117611660,C
20,117611661,T
20,117611662,T
20,117611663,T
20,117611664,G
20,117611665,A
20,117611666,A
20,117611667,A
20,117611668,C
20,117611669,T
20,117611670,C
20,117611671,T
20,117611672,G
20,117611673,T
20,117611674,T
20,117611675,C
20,117611676,C
20,117611677,A
20,117611678,C
20,117611679,A
20,117611680,A
20,117611681,A
20,117611682,G
20,117611683,C
20,117611684,T
20,117611685,C
20,117611686,T
20,117611687,G
20,117611688,A
20,117611689,A
20,117611690,T
20,117611691,T
20,117611692,T
20,117611693,A
20,117611694,C
20,117611695,A
20,117611696,T
20,117611697,A
20,117611698,C
20,117611699,T
20,117611700,G
20,117611701,C
20,117611702,C
20,117611703,A
20,117611704,A
20,117611705,C
20,117611706,T
20,117611707,G
20,117611708,G
20,117611709,T
20,117611710,T
20,117611711,C
20,117611712,T
20,117611713,T
20,117611714,G
20,117611715,T
20,117611716,A
20,117611717,C
20,117611718,C
20,117611719,T
20,117611720,G
20,117611721,T
20,117611722,C
20,117611723,A
20,117611724,A
20,117611725,C
20,117611726,A
20,117611727,C
20,117611728,T
20,117611729,G
20,117611730,C
20,117611731,G
20,117611732,C
20,117611733,T
20,117611734,G
20,117611735,G
20,117611736,T
20,117611737,T
20,117611738,C
20,117611739,C
20,117611740,A
20,117611741,A
20,117611742,A
20,117611743,T
20,117611744,G
20,117611745,A
20,117611746,G
20,117611747,A
20,117611748,A
20,117611749,T
20,117611750,A
20,117611751,G
20,117611752,A
20,117611753,A
20,117611754,A
20,117611755,T
20,117611756,G
20,117611757,A
20,117611758,T
20,117611759,T
20,117611760,T
20,117611761,T
20,117611762,T
20,117611763,G
20,117611764,T
20,117611765,C
20,117611766,A
20,117611767,T
20,117611768,C
20,117611769,T
20,117611770,T
20,117611771,C
20,117611772,T
20,117611773,T
20,117611774,C
20,117611775,A
20,117611776,T
20,117611777,T
20,117611778,G
20,117611779,C
20,117611780,T
20,117611781,G
20,117611782,T
20,117611783,T
20,117611784,A
20,117611785,C
20,117611786,C
20,117611787,T
20,117611788,T
20,117611789,C
20,117611790,A
20,117611791,T
20,117611792,T
20,117611793,T
20,117611794,C
20,117611795,C
20,117611796,A
20,117611797,T
20,117611798,T
20,117611799,T
20,117611800,T
20,117611801,A
20,117611802,A
20,117611803,C
20,117611804,A
20,117611805,A
20,117611806,C
20,117611807,A
20,117611808,G
21,117614613,G
21,117614614,A
21,117614615,G
21,117614616,A
21,117614617,A
21,117614618,G
21,117614619,G
21,117614620,A
21,117614621,G
21,117614622,A
21,117614623,A
21,117614624,G
21,117614625,G
21,117614626,A
21,117614627,A
21,117614628,G
21,117614629,A
21,117614630,G
21,117614631,T
21,117614632,T
21,117614633,G
21,117614634,G
21,117614635,T
21,117614636,A
21,117614637,T
21,117614638,T
21,117614639,A
21,117614640,T
21,117614641,C
21,117614642,C
21,117614643,T
21,117614644,G
21,117614645,A
21,117614646,C
21,117614647,T
21,117614648,T
21,117614649,T
21,117614650,A
21,117614651,G
21,117614652,C
21,117614653,C
21,117614654,A
21,117614655,T
21,117614656,G
21,117614657,A
21,117614658,A
21,117614659,T
21,117614660,A
21,117614661,T
21,117614662,C
21,117614663,A
21,117614664,T
21,117614665,G
21,117614666,A
21,117614667,G
21,117614668,T
21,117614669,A
21,117614670,C
21,117614671,A
21,117614672,T
21,117614673,T
21,117614674,G
21,117614675,C
21,117614676,A
21,117614677,G
21,117614678,T
21,117614679,G
21,117614680,G
21,117614681,G
21,117614682,C
21,117614683,T
21,117614684,G
21,117614685,T
21,117614686,A
21,117614687,A
21,117614688,A
21,117614689,C
21,117614690,T
21,117614691,C
21,117614692,C
21,117614693,A
21,117614694,G
21,117614695,C
21,117614696,A
21,117614697,T
21,117614698,A
21,117614699,G
21,117614700,A
21,117614701,T
21,117614702,G
21,117614703,T
21,117614704,G
21,117614705,G
21,117614706,A
21,117614707,T
21,117614708,A
21,117614709,G
21,117614710,C
21,117614711,T
21,117614712,T
21,117614713,G
22,117627522,A
22,117627523,T
22,117627524,G
22,117627525,C
22,117627526,G
22,117627527,A
22,117627528,T
22,117627529,C
22,117627530,T
22,117627531,G
22,117627532,T
22,117627533,G
22,117627534,A
22,117627535,G
22,117627536,C
22,117627537,C
22,117627538,G
22,117627539,A
22,117627540,G
22,117627541,T
22,117627542,C
22,117627543,T
22,117627544,T
22,117627545,T
22,117627546,A
22,117627547,A
22,117627548,G
22,117627549,T
22,117627550,T
22,117627551,C
22,117627552,A
22,117627553,T
22,117627554,T
22,117627555,G
22,117627556,A
22,117627557,C
22,117627558,A
22,117627559,T
22,117627560,G
22,117627561,C
22,117627562,C
22,117627563,A
22,117627564,A
22,117627565,C
22,117627566,A
22,117627567,G
22,117627568,A
22,117627569,A
22,117627570,G
22,117627571,G
22,117627572,T
22,117627573,A
22,117627574,A
22,117627575,A
22,117627576,C
22,117627577,C
22,117627578,T
22,117627579,A
22,117627580,C
22,117627581,C
22,117627582,A
22,117627583,A
22,117627584,G
22,117627585,T
22,117627586,C
22,117627587,A
22,117627588,A
22,117627589,C
22,117627590,C
22,117627591,A
22,117627592,A
22,117627593,A
22,117627594,C
22,117627595,C
22,117627596,A
22,117627597,T
22,117627598,A
22,117627599,C
22,117627600,A
22,117627601,A
22,117627602,G
22,117627603,A
22,117627604,A
22,117627605,T
22,117627606,G
22,117627607,G
22,117627608,C
22,117627609,C
22,117627610,A
22,117627611,A
22,117627612,C
22,117627613,T
22,117627614,C
22,117627615,T
22,117627616,C
22,117627617,G
22,117627618,A
22,117627619,A
22,117627620,A
22,117627621,G
22,117627622,T
22,117627623,T
22,117627624,A
22,117627625,T
22,117627626,G
22,117627627,A
22,117627628,T
22,117627629,T
22,117627630,A
22,117627631,T
22,117627632,T
22,117627633,G
22,117627634,A
22,117627635,G
22,117627636,A
22,117627637,A
22,117627638,T
22,117627639,T
22,117627640,C
22,117627641,A
22,117627642,C
22,117627643,A
22,117627644,C
22,117627645,G
22,117627646,T
22,117627647,G
22,117627648,A
22,117627649,A
22,117627650,G
22,117627651,A
22,117627652,A
22,117627653,A
22,117627654,G
22,117627655,A
22,117627656,T
22,117627657,G
22,117627658,A
22,117627659,C
22,117627660,A
22,117627661,T
22,117627662,C
22,117627663,T
22,117627664,G
22,117627665,G
22,117627666,C
22,117627667,C
22,117627668,C
22,117627669,T
22,117627670,C
22,117627671,A
22,117627672,G
22,117627673,G
22,117627674,G
22,117627675,G
22,117627676,G
22,117627677,C
22,117627678,C
22,117627679,A
22,117627680,A
22,117627681,A
22,117627682,T
22,117627683,G
22,117627684,A
22,117627685,C
22,117627686,T
22,117627687,G
22,117627688,T
22,117627689,C
22,117627690,A
22,117627691,A
22,117627692,A
22,117627693,G
22,117627694,A
22,117627695,T
22,117627696,C
22,117627697,T
22,117627698,C
22,117627699,A
22,117627700,C
22,117627701,A
22,117627702,G
22,117627703,C
22,117627704,A
22,117627705,A
22,117627706,A
22,117627707,A
22,117627708,T
22,117627709,A
22,117627710,C
22,117627711,A
22,117627712,C
22,117627713,A
22,117627714,G
22,117627715,A
22,117627716,A
22,117627717,G
22,117627718,G
22,117627719,T
22,117627720,G
22,117627721,G
22,117627722,A
22,117627723,A
22,117627724,A
22,117627725,T
22,117627726,G
22,117627727,C
22,117627728,C
22,117627729,A
22,117627730,T
22,117627731,A
22,117627732,T
22,117627733,T
22,117627734,A
22,117627735,G
22,117627736,A
22,117627737,G
22,117627738,A
22,117627739,A
22,117627740,C
22,117627741,A
22,117627742,T
22,117627743,T
22,117627744,T
22,117627745,C
22,117627746,C
22,117627747,T
22,117627748,T
22,117627749,C
22,117627750,T
22,117627751,C
22,117627752,A
22,117627753,A
22,117627754,T
22,117627755,A
22,117627756,A
22,117627757,G
22,117627758,T
22,117627759,C
22,117627760,C
22,117627761,T
22,117627762,G
22,117627763,G
22,117627764,C
22,117627765,C
22,117627766,A
22,117627767,G
22,117627768,A
22,117627769,G
22,117627770,G
23,117642438,G
23,117642439,T
23,117642440,G
23,117642441,G
23,117642442,G
23,117642443,C
23,117642444,C
23,117642445,T
23,117642446,C
23,117642447,T
23,117642448,T
23,117642449,G
23,117642450,G
23,117642451,G
23,117642452,A
23,117642453,A
23,117642454,G
23,117642455,A
23,117642456,A
23,117642457,C
23,117642458,T
23,117642459,G
23,117642460,G
23,117642461,A
23,117642462,T
23,117642463,C
23,117642464,A
23,117642465,G
23,117642466,G
23,117642467,G
23,117642468,A
23,117642469,A
23,117642470,G
23,117642471,A
23,117642472,G
23,117642473,T
23,117642474,A
23,117642475,C
23,117642476,T
23,117642477,T
23,117642478,T
23,117642479,G
23,117642480,T
23,117642481,T
23,117642482,A
23,117642483,T
23,117642484,C
23,117642485,A
23,117642486,G
23,117642487,C
23,117642488,T
23,117642489,T
23,117642490,T
23,117642491,T
23,117642492,T
23,117642493,T
23,117642494,G
23,117642495,A
23,117642496,G
23,117642497,A
23,117642498,C
23,117642499,T
23,117642500,A
23,117642501,C
23,117642502,T
23,117642503,G
23,117642504,A
23,117642505,A
23,117642506,C
23,117642507,A
23,117642508,C
23,117642509,T
23,117642510,G
23,117642511,A
23,117642512,A
23,117642513,G
23,117642514,G
23,117642515,A
23,117642516,G
23,117642517,A
23,117642518,A
23,117642519,A
23,117642520,T
23,117642521,C
23,117642522,C
23,117642523,A
23,117642524,G
23,117642525,A
23,117642526,T
23,117642527,C
23,117642528,G
23,117642529,A
23,117642530,T
23,117642531,G
23,117642532,G
23,117642533,T
23,117642534,G
23,117642535,T
23,117642536,G
23,117642537,T
23,117642538,C
23,117642539,T
23,117642540,T
23,117642541,G
23,117642542,G
23,117642543,G
23,117642544,A
23,117642545,T
23,117642546,T
23,117642547,C
23,117642548,A
23,117642549,A
23,117642550,T
23,117642551,A
23,117642552,A
23,117642553,C
23,117642554,T
23,117642555,T
23,117642556,T
23,117642557,G
23,117642558,C
23,117642559,A
23,117642560,A
23,117642561,C
23,117642562,A
23,117642563,G
23,117642564,T
23,117642565,G
23,117642566,G
23,117642567,A
23,117642568,G
23,117642569,G
23,117642570,A
23,117642571,A
23,117642572,A
23,117642573,G
23,117642574,C
23,117642575,C
23,117642576,T
23,117642577,T
23,117642578,T
23,117642579,G
23,117642580,G
23,117642581,A
23,117642582,G
23,117642583,T
23,117642584,G
23,117642585,A
23,117642586,T
23,117642587,A
23,117642588,C
23,117642589,C
23,117642590,A
23,117642591,C
23,117642592,A
23,117642593,G
24,117652842,A
24,117652843,A
24,117652844,A
24,117652845,G
24,117652846,T
24,117652847,A
24,117652848,T
24,117652849,T
24,117652850,T
24,117652851,A
24,117652852,T
24,117652853,T
24,117652854,T
24,117652855,T
24,117652856,T
24,117652857,T
24,117652858,C
24,117652859,T
24,117652860,G
24,117652861,G
24,117652862,A
24,117652863,A
24,117652864,C
24,117652865,A
24,117652866,T
24,117652867,T
24,117652868,T
24,117652869,A
24,117652870,G
24,117652871,A
24,117652872,A
24,117652873,A
24,117652874,A
24,117652875,A
24,117652876,A
24,117652877,C
24,117652878,T
24,117652879,T
24,117652880,G
24,117652881,G
24,117652882,A
24,117652883,T
24,117652884,C
24,117652885,C
24,117652886,C
24,117652887,T
24,117652888,A
24,117652889,T
24,117652890,G
24,117652891,A
24,117652892,A
24,117652893,C
24,117652894,A
24,117652895,G
24,117652896,T
24,117652897,G
24,117652898,G
24,117652899,A
24,117652900,G
24,117652901,T
24,117652902,G
24,117652903,A
24,117652904,T
24,117652905,C
24,117652906,A
24,117652907,A
24,117652908,G
24,117652909,A
24,117652910,A
24,117652911,A
24,117652912,T
24,117652913,A
24,117652914,T
24,117652915,G
24,117652916,G
24,117652917,A
24,117652918,A
24,117652919,A
24,117652920,G
24,117652921,T
24,117652922,T
24,117652923,G
24,117652924,C
24,117652925,A
24,117652926,G
24,117652927,A
24,117652928,T
24,117652929,G
24,117652930,A
24,117652931,G
25,117664688,G
25,117664689,T
25,117664690,T
25,117664691,G
25,117664692,G
25,117664693,G
25,117664694,C
25,117664695,T
25,117664696,C
25,117664697,A
25,117664698,G
25,117664699,A
25,117664700,T
25,117664701,C
25,117664702,T
25,117664703,G
25,117664704,T
25,117664705,G
25,117664706,A
25,117664707,T
25,117664708,A
25,117664709,G
25,117664710,A
25,117664711,A
25,117664712,C
25,117664713,A
25,117664714,G
25,117664715,T
25,117664716,T
25,117664717,T
25,117664718,C
25,117664719,C
25,117664720,T
25,117664721,G
25,117664722,G
25,117664723,G
25,117664724,A
25,117664725,A
25,117664726,G
25,117664727,C
25,117664728,T
25,117664729,T
25,117664730,G
25,117664731,A
25,117664732,C
25,117664733,T
25,117664734,T
25,117664735,T
25,117664736,G
25,117664737,T
25,117664738,C
25,117664739,C
25,117664740,T
25,117664741,T
25,117664742,G
25,117664743,T
25,117664744,G
25,117664745,G
25,117664746,A
25,117664747,T
25,117664748,G
25,117664749,G
25,117664750,G
25,117664751,G
25,117664752,G
25,117664753,C
25,117664754,T
25,117664755,G
25,117664756,T
25,117664757,G
25,117664758,T
25,117664759,C
25,117664760,C
25,117664761,T
25,117664762,A
25,117664763,A
25,117664764,G
25,117664765,C
25,117664766,C
25,117664767,A
25,117664768,T
25,117664769,G
25,117664770,G
25,117664771,C
25,117664772,C
25,117664773,A
25,117664774,C
25,117664775,A
25,117664776,A
25,117664777,G
25,117664778,C
25,117664779,A
25,117664780,G
25,117664781,T
25,117664782,T
25,117664783,G
25,117664784,A
25,117664785,T
25,117664786,G
25,117664787,T
25,117664788,G
25,117664789,C
25,117664790,T
25,117664791,T
25,117664792,G
25,117664793,G
25,117664794,C
25,117664795,T
25,117664796,A
25,117664797,G
25,117664798,A
25,117664799,T
25,117664800,C
25,117664801,T
25,117664802,G
25,117664803,T
25,117664804,T
25,117664805,C
25,117664806,T
25,117664807,C
25,117664808,A
25,117664809,G
25,117664810,T
25,117664811,A
25,117664812,A
25,117664813,G
25,117664814,G
25,117664815,C
25,117664816,G
25,117664817,A
25,117664818,A
25,117664819,G
25,117664820,A
25,117664821,T
25,117664822,C
25,117664823,T
25,117664824,T
25,117664825,G
25,117664826,C
25,117664827,T
25,117664828,G
25,117664829,C
25,117664830,T
25,117664831,T
25,117664832,G
25,117664833,A
25,117664834,T
25,117664835,G
25,117664836,A
25,117664837,A
25,117664838,C
25,117664839,C
25,117664840,C
25,117664841,A
25,117664842,G
25,117664843,T
25,117664844,G
25,117664845,C
25,117664846,T
25,117664847,C
25,117664848,A
25,117664849,T
25,117664850,T
25,117664851,T
25,117664852,G
25,117664853,G
25,117664854,A
25,117664855,T
25,117664856,C
25,117664857,C
25,117664858,A
25,117664859,G
25,117664860,T
26,117665459,A
26,117665460,A
26,117665461,C
26,117665462,A
26,117665463,T
26,117665464,A
26,117665465,C
26,117665466,C
26,117665467,A
26,117665468,A
26,117665469,A
26,117665470,T
26,117665471,A
26,117665472,A
26,117665473,T
26,117665474,T
26,117665475,A
26,117665476,G
26,117665477,A
26,117665478,A
26,117665479,G
26,117665480,A
26,117665481,A
26,117665482,C
26,117665483,T
26,117665484,C
26,117665485,T
26,117665486,A
26,117665487,A
26,117665488,A
26,117665489,A
26,117665490,C
26,117665491,A
26,117665492,A
26,117665493,G
26,117665494,C
26,117665495,A
26,117665496,T
26,117665497,T
26,117665498,T
26,117665499,G
26,117665500,C
26,117665501,T
26,117665502,G
26,117665503,A
26,117665504,T
26,117665505,T
26,117665506,G
26,117665507,C
26,117665508,A
26,117665509,C
26,117665510,A
26,117665511,G
26,117665512,T
26,117665513,A
26,117665514,A
26,117665515,T
26,117665516,T
26,117665517,C
26,117665518,T
26,117665519,C
26,117665520,T
26,117665521,G
26,117665522,T
26,117665523,G
26,117665524,A
26,117665525,A
26,117665526,C
26,117665527,A
26,117665528,C
26,117665529,A
26,117665530,G
26,117665531,G
26,117665532,A
26,117665533,T
26,117665534,A
26,117665535,G
26,117665536,A
26,117665537,A
26,117665538,G
26,117665539,C
26,117665540,A
26,117665541,A
26,117665542,T
26,117665543,G
26,117665544,C
26,117665545,T
26,117665546,G
26,117665547,G
26,117665548,A
26,117665549,A
26,117665550,T
26,117665551,G
26,117665552,C
26,117665553,C
26,117665554,A
26,117665555,A
26,117665556,C
26,117665557,A
26,117665558,A
26,117665559,T
26,117665560,T
26,117665561,T
26,117665562,T
26,117665563,T
26,117665564,G
27,117666908,G
27,117666909,T
27,117666910,C
27,117666911,A
27,117666912,T
27,117666913,A
27,117666914,G
27,117666915,A
27,117666916,A
27,117666917,G
27,117666918,A
27,117666919,G
27,117666920,A
27,117666921,A
27,117666922,C
27,117666923,A
27,117666924,A
27,117666925,A
27,117666926,G
27,117666927,T
27,117666928,G
27,117666929,C
27,117666930,G
27,117666931,G
27,117666932,C
27,117666933,A
27,117666934,G
27,117666935,T
27,117666936,A
27,117666937,C
27,117666938,G
27,117666939,A
27,117666940,T
27,117666941,T
27,117666942,C
27,117666943,C
27,117666944,A
27,117666945,T
27,117666946,C
27,117666947,C
27,117666948,A
27,117666949,G
27,117666950,A
27,117666951,A
27,117666952,A
27,117666953,C
27,117666954,T
27,117666955,G
27,117666956,C
27,117666957,T
27,117666958,G
27,117666959,A
27,117666960,A
27,117666961,C
27,117666962,G
27,117666963,A
27,117666964,G
27,117666965,A
27,117666966,G
27,117666967,G
27,117666968,A
27,117666969,G
27,117666970,C
27,117666971,C
27,117666972,T
27,117666973,C
27,117666974,T
27,117666975,T
27,117666976,C
27,117666977,C
27,117666978,G
27,117666979,G
27,117666980,C
27,117666981,A
27,117666982,A
27,117666983,G
27,117666984,C
27,117666985,C
27,117666986,A
27,117666987,T
27,117666988,C
27,117666989,A
27,117666990,G
27,117666991,C
27,117666992,C
27,117666993,C
27,117666994,C
27,117666995,T
27,117666996,C
27,117666997,C
27,117666998,G
27,117666999,A
27,117667000,C
27,117667001,A
27,117667002,G
27,117667003,G
27,117667004,G
27,117667005,T
27,117667006,G
27,117667007,A
27,117667008,A
27,117667009,G
27,117667010,C
27,117667011,T
27,117667012,C
27,117667013,T
27,117667014,T
27,117667015,T
27,117667016,C
27,117667017,C
27,117667018,C
27,117667019,C
27,117667020,A
27,117667021,C
27,117667022,C
27,117667023,G
27,117667024,G
27,117667025,A
27,117667026,A
27,117667027,C
27,117667028,T
27,117667029,C
27,117667030,A
27,117667031,A
27,117667032,G
27,117667033,C
27,117667034,A
27,117667035,A
27,117667036,G
27,117667037,T
27,117667038,G
27,117667039,C
27,117667040,A
27,117667041,A
27,117667042,G
27,117667043,T
27,117667044,C
27,117667045,T
27,117667046,A
27,117667047,A
27,117667048,G
27,117667049,C
27,117667050,C
27,117667051,C
27,117667052,C
27,117667053,A
27,117667054,G
27,117667055,A
27,117667056,T
27,117667057,T
27,117667058,G
27,117667059,C
27,117667060,T
27,117667061,G
27,117667062,C
27,117667063,T
27,117667064,C
27,117667065,T
27,117667066,G
27,117667067,A
27,117667068,A
27,117667069,A
27,117667070,G
27,117667071,A
27,117667072,G
27,117667073,G
27,117667074,A
27,117667075,G
27,117667076,A
27,117667077,C
27,117667078,A
27,117667079,G
27,117667080,A
27,117667081,A
27,117667082,G
27,117667083,A
27,117667084,A
27,117667085,G
27,117667086,A
27,117667087,G
27,117667088,G
27,117667089,T
27,117667090,G
27,117667091,C
27,117667092,A
27,117667093,A
27,117667094,G
27,117667095,A
27,117667096,T
27,117667097,A
27,117667098,C
27,117667099,A
27,117667100,A
27,117667101,G
27,117667102,G
27,117667103,C
27,117667104,T
27,117667105,T
27,117667106,T
27,117667107,A
27,117667108,G
