cDNA_name,protein_name,legacy_name,num_alleles,allele_freq,pct_PI,cf_causing
c.(?_-1270)_(53+1_54-1)del,No protein name,CFTRdelePr-1,3.0,2.112140584077276e-05,0.67,CF-causing
c.-9_14del23,No protein name,124del23bp,6.0,4.224281168154552e-05,1.0,CF-causing
c.-8G>C,No protein name,125G/C,8.0,5.6323748908727367e-05,0.0,Non CF-causing
c.(?_1)_(53+1_54-1)del,p.Glu2GlyfsX17,CFTRdele1,6.0,4.224281168154552e-05,1.0,CF-causing
c.1A>G,p.Met1Val,M1V,26.0,0.00018305218395336394,0.8421053,CF-causing
c.4C>T,p.Gln2X,Q2X,5.0,3.5202343067954605e-05,1.0,CF-causing
c.[4C>T;7A>T],p.[Gln2X;Arg3Trp],Q2X;R3W,4.0,2.8161874454363683e-05,1.0,CF-causing
c.11C>A,p.Ser4X,S4X,14.0,9.856656059027288e-05,1.0,CF-causing
c.14C>T,p.Pro5Leu,P5L,60.0,0.00042242811681545523,0.0952381,Varying clinical consequence
c.38C>T,p.Ser13Phe,S13F,3.0,2.112140584077276e-05,0.3333333,CF-causing
c.44T>C,p.Leu15Pro,L15P,4.0,2.8161874454363683e-05,0.0,CF-causing
c.50delT,p.Phe17SerfsX8,182delT,9.0,6.336421752231828e-05,0.8571429,CF-causing
c.50dupT,p.Ser18GlnfsX27,175insT,7.0,4.928328029513644e-05,0.83,CF-causing
c.(53+1_54-1)_(164+1_165-1)del,No protein name,CFTRdele2,46.0,0.00032386155622518234,1.0,CF-causing
c.(53+1_54-1)_(489+1_490-1)del,No protein name,CFTRdele2-4,4.0,2.8161874454363683e-05,1.0,CF-causing
c.53+1G>T,No protein name,185+1G->T,8.0,5.6323748908727367e-05,1.0,CF-causing
c.54-5940_273+10250del21kb,p.Ser18ArgfsX16,"CFTRdele2,3",417.0,0.002935875411867414,0.99631,CF-causing
c.54-5842_489+401del,No protein name,IVSI-5842_IVS4+401del,4.0,2.8161874454363683e-05,1.0,CF-causing
c.57G>A,p.Trp19X,W19X,4.0,2.8161874454363683e-05,1.0,CF-causing
c.79G>A,p.Gly27Arg,G27R,3.0,2.112140584077276e-05,0.6666667,CF-causing
c.79G>T,p.Gly27X,G27X,10.0,7.040468613590921e-05,1.0,CF-causing
c.88C>T,p.Gln30X,Q30X,3.0,2.112140584077276e-05,1.0,CF-causing
c.91C>T,p.Arg31Cys,R31C,23.0,0.00016193077811259117,0.3,Non CF-causing
c.92G>T,p.Arg31Leu,R31L,7.0,4.928328029513644e-05,0.0,Unknown significance
c.115C>T,p.Gln39X,Q39X,47.0,0.0003309020248387733,1.0,CF-causing
c.137C>A,p.Ala46Asp,A46D,4.0,2.8161874454363683e-05,1.0,CF-causing
c.164+1G>A,No protein name,296+1G->A,3.0,2.112140584077276e-05,1.0,CF-causing
c.164+1G>T,No protein name,296+1G->T,4.0,2.8161874454363683e-05,1.0,CF-causing
c.(164+1_165-1)_(1584_+1_1585-1)del(2619+1_2620-1)_(2988+1_2989-1)del,No protein name,"CFTRdele3-10,14b-16",4.0,2.8161874454363683e-05,1.0,CF-causing
c.164+28A>G,No protein name,296+28A->G,9.0,6.336421752231828e-05,0.6666667,Unknown significance
c.164+2T>C,No protein name,296+2T->C,3.0,2.112140584077276e-05,1.0,CF-causing
c.164+4dupT,No protein name,296+3insT,4.0,2.8161874454363683e-05,0.5,CF-causing
c.165-3C>T,No protein name,297-3C->T,3.0,2.112140584077276e-05,1.0,Unknown significance
c.165-1G>A,No protein name,297-1G->A,5.0,3.5202343067954605e-05,1.0,CF-causing
c.166G>A,p.Glu56Lys,E56K,5.0,3.5202343067954605e-05,0.0,CF-causing
c.168delA,p.Glu56AspfsX35,300delA,8.0,5.6323748908727367e-05,1.0,CF-causing
c.169T>G,p.Trp57Gly,W57G,10.0,7.040468613590921e-05,1.0,CF-causing
c.170G>A or c.171G>A,p.Trp57X,W57X,14.0,9.856656059027288e-05,1.0,CF-causing
c.175dupA,p.Arg59LysfsX10,306insA,21.0,0.00014784984088540934,0.9375,CF-causing
c.174_177delTAGA,p.Asp58GlufsX32,306delTAGA,6.0,4.224281168154552e-05,1.0,CF-causing
c.178G>A,p.Glu60Lys,E60K,7.0,4.928328029513644e-05,0.4,CF-causing
c.178G>T,p.Glu60X,E60X,296.0,0.0020839787096229123,0.9871795,CF-causing
c.200C>T,p.Pro67Leu,P67L,239.0,0.00168267199864823,0.3382353,CF-causing
c.202A>T,p.Lys68X,K68X,3.0,2.112140584077276e-05,1.0,CF-causing
c.220C>T,p.Arg74Trp,R74W,36.0,0.00025345687008927314,0.1538462,Varying clinical consequence
c.223C>T,p.Arg75X,R75X,92.0,0.0006477231124503647,1.0,CF-causing
c.224G>A,p.Arg75Gln,R75Q,71.0,0.0004998732715649554,0.2777778,Non CF-causing
c.233dupT,p.Trp79LeufsX32 ,365-366insT,11.0,7.744515474950012e-05,1.0,CF-causing
c.254G>A,p.Gly85Glu,G85E,616.0,0.004336928665972007,0.8534031,CF-causing
c.262_263delTT,p.Leu88IlefsX22 ,394delTT,307.0,0.0021614238643724126,0.9661017,CF-causing
c.263T>A or c.263T>G,p.Leu88X,L88X,7.0,4.928328029513644e-05,1.0,CF-causing
c.271G>A,p.Gly91Arg,G91R,5.0,3.5202343067954605e-05,0.2,CF-causing
c.(273+1_274-1)_(1116+1_1117-1)del,No protein name,CFTRdele4-7,5.0,3.5202343067954605e-05,1.0,CF-causing
c.(273+1_274-1)_(1584+1_1585-1)del,No protein name,CFTRdele4-10,18.0,0.00012672843504463657,1.0,CF-causing
c.(273+1_274-1)_(1679+1_1680-1)del,No protein name,CFTRdele4-11,3.0,2.112140584077276e-05,1.0,CF-causing
c.(273+1_274-1)_(1116+1_1117-1)del(1584+1_1585-1)_(3468+1_3469-1)del,No protein name,CFTR50kbdel,5.0,3.5202343067954605e-05,1.0,CF-causing
c.273+1G>A,No protein name,405+1G->A,39.0,0.0002745782759300459,1.0,CF-causing
c.273+3A>C,No protein name,405+3A->C,10.0,7.040468613590921e-05,1.0,CF-causing
c.274-2A>G,No protein name,406-2A->G,5.0,3.5202343067954605e-05,1.0,CF-causing
c.274-1G>A,No protein name,406-1G->A,40.0,0.00028161874454363684,1.0,CF-causing
c.274G>A,p.Glu92Lys,E92K,49.0,0.0003449829620659551,0.5263158,CF-causing
c.274G>T,p.Glu92X,E92X,38.0,0.000267537807316455,1.0,CF-causing
c.292C>T,p.Gln98X,Q98X,23.0,0.00016193077811259117,1.0,CF-causing
c.293A>G,p.Gln98Arg,Q98R,16.0,0.00011264749781745473,0.3333333,CF-causing
c.296C>T,p.Pro99Leu,P99L,7.0,4.928328029513644e-05,0.2857143,CF-causing
c.305T>G,p.Leu102Arg,L102R,4.0,2.8161874454363683e-05,0.75,CF-causing
c.310delA,p.Arg104GlufsX3,442delA,7.0,4.928328029513644e-05,0.8571429,CF-causing
c.313delA,p.Ile105SerfsX2,444delA,14.0,9.856656059027288e-05,1.0,CF-causing
c.325_327delTATinsG,p.Tyr109GlyfsX4 ,457TAT->G,25.0,0.00017601171533977302,0.8333333,CF-causing
c.327T>A,p.Tyr109X,Y109X,3.0,2.112140584077276e-05,1.0,CF-causing
c.328G>C,p.Asp110His,D110H,65.0,0.00045763045988340983,0.1714286,CF-causing
c.330C>A,p.Asp110Glu,D110E,14.0,9.856656059027288e-05,0.125,Varying clinical consequence
c.346G>A,p.Glu116Lys,E116K,8.0,5.6323748908727367e-05,1.0,CF-causing
c.349C>T,p.Arg117Cys,R117C,146.0,0.0010279084175842744,0.2424242,CF-causing
c.349C>G,p.Arg117Gly,R117G,8.0,5.6323748908727367e-05,0.125,Varying clinical consequence
c.350G>A,p.Arg117His,R117H,1854.0,0.013053028809597567,0.2277819,Varying clinical consequence
c.350G>C,p.Arg117Pro,R117P,5.0,3.5202343067954605e-05,0.2,CF-causing
c.350G>T,p.Arg117Leu,R117L,8.0,5.6323748908727367e-05,0.13,Varying clinical consequence
c.[350G>A;1210−12T[5]],p[.Arg117His;No protein name],R117H;5T,102.0,0.0007181277985862739,0.3103448,CF-causing
c.[350G>A;1210−12T[7]],p.[Arg117His;No protein name],R117H;7T,125.0,0.0008800585766988651,0.1521739,Varying clinical consequence
c.358G>A,p.Ala120Thr,A120T,4.0,2.8161874454363683e-05,0.33,Varying clinical consequence
c.366T>A,p.Tyr122X,Y122X,88.0,0.000619561237996001,0.9583333,CF-causing
c.377G>A,p.Gly126D,G126D,13.0,9.152609197668197e-05,0.22,CF-causing
c.409delC,p.Leu137SerfsX16,541delC,10.0,7.040468613590921e-05,1.0,CF-causing
c.413_415dupTAC,p.Leu138dup,L138ins,20.0,0.00014080937227181842,0.4285714,CF-causing
c.416A>G,p.His139Arg,H139R,9.0,6.336421752231828e-05,0.6,CF-causing
c.424delA,p.Ile142PhefsX11,556delA,3.0,2.112140584077276e-05,1.0,CF-causing
c.429delT,p.Phe143LeufsX10,557delT,7.0,4.928328029513644e-05,0.71,CF-causing
c.442delA,p.Ile148LeufsX5,574delA,27.0,0.00019009265256695487,1.0,CF-causing
c.443T>C,p.Ile148Thr,I148T,148.0,0.0010419893548114562,0.8804348,Non CF-causing
c.470_483delTTAGTTTGATTTAT,p.Phe157X,602del14,5.0,3.5202343067954605e-05,1.0,CF-causing
c.481T>G,p.Tyr161Asp,Y161D,4.0,2.8161874454363683e-05,0.75,CF-causing
c.489+1G>T,No protein name,621+1G->T,1323.0,0.009314539975780788,0.9890547,CF-causing
c.489+3A>G,No protein name,621+3A->G,10.0,7.040468613590921e-05,0.25,Varying clinical consequence
c.494T>C,p.Leu165Ser,L165S,21.0,0.00014784984088540934,0.3684211,CF-causing
c.509G>A,p.Arg170His,R170H,11.0,7.744515474950012e-05,0.3333333,Non CF-causing
c.531delT,p.Ile177MetfsX12,663delT,24.0,0.0001689712467261821,1.0,CF-causing
c.531dupT,p.Gly178TrpfsX5,663insT,3.0,2.112140584077276e-05,1.0,CF-causing
c.532G>A,p.Gly178Arg,G178R,87.0,0.0006125207693824101,0.7592593,CF-causing
c.543_546delTAGT,p.Leu183PhefsX5 ,675del4,4.0,2.8161874454363683e-05,1.0,CF-causing
c.571T>G,p.Phe191Val,F191V,7.0,4.928328029513644e-05,0.25,CF-causing
c.575A>G,p.Asp192Gly,D192G,3.0,2.112140584077276e-05,0.33,CF-causing
c.577G>A,p.Glu193Lys,E193K,5.0,3.5202343067954605e-05,0.0,CF-causing
c.577G>T,p.Glu193X,E193X,18.0,0.00012672843504463657,1.0,CF-causing
c.579+1G>T,No protein name,711+1G->T,274.0,0.0019290884001239123,0.9763033,CF-causing
c.579+3A>G,No protein name,711+3A->G,63.0,0.000443549522656228,0.212766,CF-causing
c.579+5G>A,No protein name,711+5G->A,60.0,0.00042242811681545523,0.8285714,CF-causing
c.580-2A>G,No protein name,712-2A->G,3.0,2.112140584077276e-05,1.0,CF-causing
c.580-1G>T,No protein name,712-1G->T,42.0,0.0002956996817708187,1.0,CF-causing
c.580G>A,p.Gly194Arg,G194R,3.0,2.112140584077276e-05,1.0,CF-causing
c.580G>T,p.Gly194X,G194X,3.0,2.112140584077276e-05,1.0,CF-causing
c.581G>T,p.Gly194Val,G194V,4.0,2.8161874454363683e-05,0.0,Varying clinical consequence
c.595C>T,p.His199Tyr,H199Y,22.0,0.00015489030949900024,0.9166667,CF-causing
c.601G>A,p.Val201Met,V201M,11.0,7.744515474950012e-05,0.25,Unknown significance
c.613C>T,p.Pro205Ser,P205S,33.0,0.0002323354642485004,0.08,CF-causing
c.617T>G,p.Leu206Trp,L206W,333.0,0.0023444760483257764,0.2035088,CF-causing
c.647G>A,p.Trp216X,W216X,3.0,2.112140584077276e-05,1.0,CF-causing
c.653T>A,p.Leu218X,L218X,36.0,0.00025345687008927314,1.0,CF-causing
c.658C>T,p.Gln220X,Q220X,71.0,0.0004998732715649554,1.0,CF-causing
c.675T>A,p.Cys225X,C225X,5.0,3.5202343067954605e-05,1.0,CF-causing
c.680T>G,p.Leu227Arg,L227R,29.0,0.0002041735897941367,0.875,CF-causing
c.695T>A,p.Val232Asp,V232D,41.0,0.00028865921315722774,0.125,CF-causing
c.709C>G,p.Gln237Glu,Q237E,5.0,3.5202343067954605e-05,0.0,Varying clinical consequence
c.717delG,p.Leu240X,849delG,3.0,2.112140584077276e-05,1.0,CF-causing
c.722_743delGGAGAATGATGATGAAGTACAG,p.Gly241GlufsX13,852del22,13.0,9.152609197668197e-05,1.0,CF-causing
c.(743+1_744-1)_(1584+1_1585-1)dup,No protein name,CFTRdup6b-10,16.0,0.00011264749781745473,1.0,CF-causing
c.744-2A>G,No protein name,876-2A->G,3.0,2.112140584077276e-05,1.0,CF-causing
c.761delA,p.Lys254ArgfsX7,892delA,4.0,2.8161874454363683e-05,1.0,CF-causing
c.772A>G,p.Arg258Gly,R258G,5.0,3.5202343067954605e-05,0.5,Varying clinical consequence
c.794T>G,p.Met265Arg,M265R,7.0,4.928328029513644e-05,0.8333333,Varying clinical consequence
c.803delA,p.Asn268IlefsX17,935delA,21.0,0.00014784984088540934,1.0,CF-causing
c.825C>G,p.Tyr275X,Y275X,12.0,8.448562336309105e-05,1.0,CF-causing
c.828C>A,p.Cys276X ,C276X,14.0,9.856656059027288e-05,1.0,CF-causing
c.850dupA,p.Met284AsnfsX3,977insA,8.0,5.6323748908727367e-05,0.8571429,CF-causing
c.861_865delCTTAA,p.Asn287LysfsX19,991del5,15.0,0.00010560702920386381,1.0,CF-causing
c.868C>T,p.Gln290X,Q290X,3.0,2.112140584077276e-05,1.0,CF-causing
c.933C>G or c.933C>A,p.Phe311Leu,F311L,10.0,7.040468613590921e-05,0.38,CF-causing
c.935_937delTCT,p.Phe312del,F312del,28.0,0.00019713312118054577,0.57,Varying clinical consequence
c.941G>A,p.Gly314Glu,G314E,3.0,2.112140584077276e-05,0.0,Varying clinical consequence
c.948delT,p.Phe316LeufsX12,1078delT,184.0,0.0012954462249007293,0.9923664,CF-causing
c.958T>G,p.Leu320Val,L320V,7.0,4.928328029513644e-05,0.0,Non CF-causing
c.987delA,p.Gly330GlufsX39,1119delA,3.0,2.112140584077276e-05,1.0,CF-causing
c.988G>T,p.Gly330X,G330X,23.0,0.00016193077811259117,1.0,CF-causing
c.1000C>T,p.Arg334Trp,R334W,429.0,0.0030203610352305048,0.402439,CF-causing
c.1001G>A,p.Arg334Gln,R334Q,8.0,5.6323748908727367e-05,0.0,Varying clinical consequence
c.1001G>T,p.Arg334Leu,R334L,15.0,0.00010560702920386381,0.1,CF-causing
c.1006_1007insG,p.Ile336SerfsX28,1138insG,26.0,0.00018305218395336394,1.0,CF-causing
c.1007T>A,p.Ile336Lys,I336K,55.0,0.00038722577374750063,0.3,CF-causing
c.1013C>T,p.Thr338Ile,T338I,52.0,0.0003661043679067279,0.2,CF-causing
c.1021T>C,p.Ser341Pro,S341P,23.0,0.00016193077811259117,0.375,CF-causing
c.1021_1022dupTC,p.Phe342HisfsX28,1154insTC,214.0,0.001506660283308457,0.988024,CF-causing
c.1029delC,p.Cys343X,1161delC,21.0,0.00014784984088540934,1.0,CF-causing
c.1037T>C,p.Leu346Pro,L346P,7.0,4.928328029513644e-05,0.25,CF-causing
c.1040G>A,p.Arg347His,R347H,199.0,0.0014010532541045932,0.2368421,CF-causing
c.1040G>C,p.Arg347Pro,R347P,533.0,0.0037525697710439608,0.6775956,CF-causing
c.1046C>T,p.Ala349Val,A349V,11.0,7.744515474950012e-05,0.33,Unknown significance
c.1054C>T,p.Arg352Trp,R352W,6.0,4.224281168154552e-05,0.0,Varying clinical consequence
c.1055G>A,p.Arg352Gln,R352Q,101.0,0.000711087329972683,0.3974359,CF-causing
c.1057C>T,p.Gln353X,Q353X,5.0,3.5202343067954605e-05,1.0,CF-causing
c.[1075C>A;1079C>A],p.[Gln359Lys;Thr360Lys],Q359K/T360K,22.0,0.00015489030949900024,1.0,CF-causing
c.1076A>G,p.Gln359Arg,Q359R,4.0,2.8161874454363683e-05,0.67,Varying clinical consequence
c.1081delT,p.Trp361GlyfsX8,1213delT,16.0,0.00011264749781745473,0.9230769,CF-causing
c.1116+1G>A,No protein name,1248+1G->A,28.0,0.00019713312118054577,1.0,CF-causing
c.1117-1G>A,No protein name,1249-1G->A,6.0,4.224281168154552e-05,1.0,CF-causing
c.1130dupA,p.Gln378AlafsX4,1259insA,19.0,0.0001337689036582275,1.0,CF-causing
c.1135G>T,p.Glu379X,E379X,7.0,4.928328029513644e-05,1.0,CF-causing
c.1155_1156dupTA,p.Asn386IlefsX3,1288insTA,20.0,0.00014080937227181842,1.0,CF-causing
c.1202G>A or c.1203G>A,p.Trp401X,W401X,15.0,0.00010560702920386381,1.0,CF-causing
c.1209+1G>A,No protein name,1341+1G->A,11.0,7.744515474950012e-05,0.8571429,CF-causing
c.1210−12T[5],No protein name,5T,516.0,0.003632881804612915,0.2834395,Varying clinical consequence
c.1210-33_1210-6GT[11]T[4],No protein name,5T;TG11,35.0,0.00024641640147568224,0.2307692,Non CF-causing
c.1210-33_1210-6GT[12]T[4],No protein name,5T;TG12,182.0,0.0012813652876735475,0.1404959,Varying clinical consequence
c.1210-33_1210-6GT[13]T[4],No protein name,5T;TG13,43.0,0.0003027401503844096,0.1111111,Varying clinical consequence
c.1210−12T[7],No protein name,7T,10.0,7.040468613590921e-05,0.4,Non CF-causing
c.1210−12T[9],No protein name,9T,4.0,2.8161874454363683e-05,0.75,Non CF-causing
c.1210-2A>C,No protein name,1342-2A->C,9.0,6.336421752231828e-05,0.67,CF-causing
c.1211delG,p.Gly404AspfsX38,1343delG,8.0,5.6323748908727367e-05,1.0,CF-causing
c.1240C>T,p.Gln414X,Q414X,5.0,3.5202343067954605e-05,1.0,CF-causing
c.1301C>A or c.1301C>G,p.Ser434X,S434X,16.0,0.00011264749781745473,1.0,CF-causing
c.1301_1307delCACTTCT,p.Ser434LeufsX6,1429del7,3.0,2.112140584077276e-05,1.0,CF-causing
c.1327G>T,p.Asp443Tyr,D443Y,8.0,5.6323748908727367e-05,0.25,Varying clinical consequence
c.1327_1330dupGATA,p.Ile444ArgfsX3,1461ins4,50.0,0.00035202343067954604,0.9772727,CF-causing
c.1330_1331delAT,p.Ile444X,1460delAT,3.0,2.112140584077276e-05,1.0,CF-causing
c.1340delA,p.Lys447ArgfsX2,1471delA,25.0,0.00017601171533977302,0.875,CF-causing
c.1358T>C,p.Leu453Ser,L453S,4.0,2.8161874454363683e-05,0.5,CF-causing
c.1364C>A,p.Ala455Glu,A455E,500.0,0.0035202343067954603,0.3409091,CF-causing
c.1365_1366delGG,p.Val456CysfsX25,1497delGG,7.0,4.928328029513644e-05,1.0,CF-causing
c.1367T>C,p.Val456Ala,V456A,27.0,0.00019009265256695487,0.25,CF-causing
c.1373delG,p.Gly458AspfsX11,1504delG,3.0,2.112140584077276e-05,1.0,CF-causing
c.(1392+1_1393-1)_(1584+1_1585-1)del,No protein name,CFTRdele10,5.0,3.5202343067954605e-05,1.0,CF-causing
c.1393-1G>A,No protein name,1525-1G->A,72.0,0.0005069137401785463,1.0,CF-causing
c.1393-2A>G,No protein name,1525-2A->G,8.0,5.6323748908727367e-05,1.0,CF-causing
c.1397C>A or c.1397C>G,p.Ser466X,S466X,45.0,0.00031682108761159144,1.0,CF-causing
c.[1397C>G;3209G>A],p.[Ser466X;Arg1070Gln],S466X;R1070Q,9.0,6.336421752231828e-05,1.0,CF-causing
c.1400T>C,p.Leu467Pro,L467P,38.0,0.000267537807316455,1.0,CF-causing
c.1408A>G,p.Met470Val,M470V,235.0,0.0016545101241938664,0.4634146,Non CF-causing
c.1418delG,p.Gly473GlufsX54,1548delG,12.0,8.448562336309105e-05,1.0,CF-causing
c.1420G>A,p.Glu474Lys,E474K,5.0,3.5202343067954605e-05,0.3333333,CF-causing
c.1466C>A,p.Ser489X,S489X,58.0,0.0004083471795882734,0.9791667,CF-causing
c.1475C>T,p.Ser492Phe,S492F,24.0,0.0001689712467261821,0.3125,CF-causing
c.1477_1478delCA,p.Gln493ValfsX10,1609delCA,21.0,0.00014784984088540934,1.0,CF-causing
c.1477C>T,p.Gln493X,Q493X,292.0,0.0020558168351685487,0.9818182,CF-causing
c.1487G>A,p.Trp496X,W496X,3.0,2.112140584077276e-05,1.0,CF-causing
c.1505T>C,p.Ile502Thr,I502T,15.0,0.00010560702920386381,0.3333333,CF-causing
c.1519_1521delATC,p.Ile507del,I507del,651.0,0.00458334506744769,0.9761,CF-causing
c.1521_1523delCTT,p.Phe508del,F508del,99061.0,0.6974358613309302,0.9778059,CF-causing
c.[1521_1523delCTT;3080T>C],p.[Phe508del;Ile1027Thr],F508del;I1027T,58.0,0.0004083471795882734,1.0,CF-causing
c.1523T>G,p.Phe508Cys,F508C,8.0,5.6323748908727367e-05,0.6,Non CF-causing
c.[1523T>G;3752G>A],p.[Phe508Cys;Ser1251Asn],F508C;S1251N,4.0,2.8161874454363683e-05,0.75,CF-causing
c.1538A>G,p.Asp513Gly,D513G,7.0,4.928328029513644e-05,0.0,CF-causing
c.1545_1546delTA,p.Tyr515X,1677delTA,131.0,0.0009223013883804106,1.0,CF-causing
c.1558G>T,p.Val520Phe,V520F,156.0,0.0010983131037201836,0.9761905,CF-causing
c.1572C>A,p.Cys524X,C524X,8.0,5.6323748908727367e-05,0.8,CF-causing
c.1573C>T,p.Gln525X,Q525X,8.0,5.6323748908727367e-05,1.0,CF-causing
c.1584G>A,p.Glu528Glu,1716G/A,29.0,0.0002041735897941367,0.67,Non CF-causing
c.1584+1G>A,No protein name,1716+1G->A,5.0,3.5202343067954605e-05,0.5,CF-causing
c.(1584+1_1585-1)_(1679+1_1680-1)del,No protein name,CFTRdele11,5.0,3.5202343067954605e-05,1.0,CF-causing
c.1585-2A>G,No protein name,1717-2A->G,4.0,2.8161874454363683e-05,0.67,CF-causing
c.1585-1G>A,No protein name,1717-1G->A,1216.0,0.00856120983412656,0.9725714,CF-causing
c.1585-8G>A,No protein name,1717-8G->A,27.0,0.00019009265256695487,1.0,CF-causing
c.1624G>T,p.Gly542X,G542X,3610.0,0.025416091695063224,0.978539,CF-causing
c.1645A>C or  c.1647T>G or c.1647T>A,p.Ser549Arg,S549R,93.0,0.0006547635810639556,0.9782609,CF-causing
c.1646G>A,p.Ser549Asn,S549N,203.0,0.0014292151285589568,0.8440367,CF-causing
c.1648G>T,p.Gly550X,G550X,6.0,4.224281168154552e-05,1.0,CF-causing
c.1650delA,p.Gly551ValfsX8,1782delA,4.0,2.8161874454363683e-05,1.0,CF-causing
c.1651G>A,p.Gly551Ser ,G551S,19.0,0.0001337689036582275,0.3333333,CF-causing
c.1652G>A,p.Gly551Asp,G551D,2986.0,0.02102283928018249,0.9618287,CF-causing
c.1654C>T,p.Gln552X,Q552X,36.0,0.00025345687008927314,0.9565217,CF-causing
c.1657C>T,p.Arg553X,R553X,1323.0,0.009314539975780788,0.9733629,CF-causing
c.1670delC,p.Ser557PhefsX2,1802delC,4.0,2.8161874454363683e-05,1.0,CF-causing
c.1673T>C,p.Leu558Ser,L558S,34.0,0.0002393759328620913,1.0,CF-causing
c.1675G>A,p.Ala559Thr,A559T,91.0,0.0006406826438367738,0.9818182,CF-causing
c.1679+1G>C ,No protein name,1811+1G->C,17.0,0.00011968796643104564,0.9230769,CF-causing
c.1679G>A,p.Arg560Lys,R560K,15.0,0.00010560702920386381,1.0,CF-causing
c.1679G>C,p.Arg560Thr,R560T,343.0,0.002414880734461686,0.9820789,CF-causing
c.1679+1G>A,No protein name,1811+1G->A,5.0,3.5202343067954605e-05,1.0,CF-causing
c.1680-886A>G,No protein name,1811+1634A->G  or 1811+1.6kbA->G,81.0,0.0005702779577008646,0.96,CF-causing
c.1680-877G>T,No protein name,1811+1643G->T,26.0,0.00018305218395336394,1.0,CF-causing
c.1680-1G>A,No protein name,1812-1G->A,32.0,0.00022529499563490947,1.0,CF-causing
c.1680A>C,p.Arg560Ser,R560S,6.0,4.224281168154552e-05,1.0,CF-causing
c.1682C>A,p.Ala561Glu,A561E,16.0,0.00011264749781745473,0.9,CF-causing
c.1684G>A,p.Val562Ile,V562I,20.0,0.00014080937227181842,0.4285714,Non CF-causing
c.1687T>A,p.Tyr563Asn,Y563N,33.0,0.0002323354642485004,0.952381,CF-causing
c.1687T>G,p.Tyr563Asp,Y563D,7.0,4.928328029513644e-05,1.0,CF-causing
c.1689C>A,p.Tyr563X,Y563X,4.0,2.8161874454363683e-05,1.0,CF-causing
c.1692delA,p.Asp565MetfsX7,1824delA,5.0,3.5202343067954605e-05,1.0,CF-causing
c.1703delT,p.Leu568CysfsX4,1833delT,4.0,2.8161874454363683e-05,1.0,CF-causing
c.1705T>G,p.Tyr569Asp,Y569D,45.0,0.00031682108761159144,0.6666667,CF-causing
c.1721C>A,p.Pro574His,P574H,25.0,0.00017601171533977302,0.35,CF-causing
c.1724T>A,p.Phe575Tyr,F575Y,7.0,4.928328029513644e-05,0.75,Varying clinical consequence
c.1727G>C,p.Gly576Ala,G576A,74.0,0.0005209946774057281,0.3333333,Non CF-causing
c.1731C>A,p.Tyr577X,Y577X,3.0,2.112140584077276e-05,1.0,CF-causing
c.1736A>G,p.Asp579Gly,D579G,53.0,0.0003731448365203188,0.3478261,Varying clinical consequence
c.1753G>T,p.Glu585X,E585X,110.0,0.0007744515474950013,0.9875,CF-causing
c.1763A>T,p.Glu588Val,E588V,6.0,4.224281168154552e-05,0.5,Varying clinical consequence
c.1766+1G>A,No protein name,1898+1G->A,421.0,0.0029640372863217776,0.9937695,CF-causing
c.1766+1G>C,No protein name,1898+1G->C,6.0,4.224281168154552e-05,1.0,CF-causing
c.1766+1G>T,No protein name,1898+1G->T,7.0,4.928328029513644e-05,1.0,CF-causing
c.(1766+1_1767-1)_(2619+1_2620-1)del,No protein name,"CFTRdele13,14a",4.0,2.8161874454363683e-05,1.0,CF-causing
c.1766+2T>A,No protein name,1898+2T->A,3.0,2.112140584077276e-05,1.0,CF-causing
c.1766+3A>G,No protein name,1898+3A->G,27.0,0.00019009265256695487,0.2777778,CF-causing
c.1766+5G>T,No protein name,1898+5G->T,6.0,4.224281168154552e-05,0.8,CF-causing
c.1792_1798delAAAACTA,p.Lys598GlyfsX11,1924del7,7.0,4.928328029513644e-05,1.0,CF-causing
c.1801A>T,p.Ile601Phe,I601F,5.0,3.5202343067954605e-05,0.25,CF-causing
c.1820_1903del84,p.Met607_Gln634del,1949del84,24.0,0.0001689712467261821,1.0,CF-causing
c.1826A>G,p.His609Arg,H609R,10.0,7.040468613590921e-05,0.2,CF-causing
c.1837G>A,p.Ala613Thr,A613T,6.0,4.224281168154552e-05,0.2,CF-causing
c.1841A>G,p.Asp614Gly,D614G,17.0,0.00011968796643104564,0.25,Varying clinical consequence
c.1853T>C,p.Ile618Thr,I618T,5.0,3.5202343067954605e-05,0.0,Varying clinical consequence
c.1865G>A,p.Gly622Asp,G622D,8.0,5.6323748908727367e-05,0.0,Varying clinical consequence
c.1882G>C or c.1882G>A,p.Gly628Arg,G628R,11.0,7.744515474950012e-05,0.33,CF-causing
c.1911delG,p.Gln637HisfsX26,2043delG,8.0,5.6323748908727367e-05,1.0,CF-causing
c.1920_1921dupTA,p.Ser641IlefsX23,2053insTA,3.0,2.112140584077276e-05,1.0,CF-causing
c.1923_1931delinsA,p.Ser641ArgfsX5,2055del9->A,23.0,0.00016193077811259117,0.9090909,CF-causing
c.1943delA,p.Asp648ValfsX15,2075delA,3.0,2.112140584077276e-05,0.5,CF-causing
c.1966G>T,p.Glu656X,E656X,3.0,2.112140584077276e-05,0.33,CF-causing
c.1973_1985del13insAGAAA,p.Arg658LysfsX4,2105-2117del13insAGAAA,28.0,0.00019713312118054577,0.8888889,CF-causing
c.1986_1989delAACT,p.Thr663ArgfsX8,2118del4,19.0,0.0001337689036582275,0.3846154,CF-causing
c.1990G>T,p.Glu664X,E664X,4.0,2.8161874454363683e-05,0.0,CF-causing
c.2002C>T,p.Arg668Cys,R668C,68.0,0.0004787518657241826,0.4444444,Non CF-causing
c.2012delT,p.Leu671X,2143delT,96.0,0.0006758849869047284,0.9452055,CF-causing
c.2017G>T,p.Gly673X,G673X,12.0,8.448562336309105e-05,0.9166667,CF-causing
c.2051_2052delAAinsG,p.Lys684SerfsX38,2183AA->G,542.0,0.003815933988566279,0.9633028,CF-causing
c.2052dupA,p.Gln685ThrfsX4,2184insA,329.0,0.002316314173871413,0.852459,CF-causing
c.2052delA,p.Lys684AsnfsX38,2184delA,255.0,0.0017953194964656848,0.9753695,CF-causing
c.2053dupC,p.Gln685ProfsX84,2185insC,4.0,2.8161874454363683e-05,1.0,CF-causing
c.2053C>T,p.Gln685X,Q685X,4.0,2.8161874454363683e-05,1.0,CF-causing
c.2125C>T,p.Arg709X,R709X,63.0,0.000443549522656228,1.0,CF-causing
c.2128A>T,p.Lys710X,K710X,50.0,0.00035202343067954604,0.90625,CF-causing
c.2143C>T,p.Gln715X,Q715X,3.0,2.112140584077276e-05,1.0,CF-causing
c.2158C>T,p.Gln720X,Q720X,3.0,2.112140584077276e-05,1.0,CF-causing
c.2175dupA, p.Glu726ArgfsX4,2307insA,62.0,0.0004365090540426371,0.9756098,CF-causing
c.2195T>G,p.Leu732X,L732X,33.0,0.0002323354642485004,1.0,CF-causing
c.2215delG,p.Val739TyrfsX16,2347delG,40.0,0.00028161874454363684,1.0,CF-causing
c.2233G>T,p.Gly745X,G745X,4.0,2.8161874454363683e-05,0.75,CF-causing
c.2241_2248delGATACTGC,p.Ile748SerfsX28,2372del8,4.0,2.8161874454363683e-05,1.0,CF-causing
c.2249C>T,p.Pro750Leu,P750L,13.0,9.152609197668197e-05,0.3333333,Varying clinical consequence
c.2260G>A,p.Val754Met,V754M,26.0,0.00018305218395336394,0.7272727,Non CF-causing
c.2290C>T,p.Arg764X,R764X,31.0,0.00021825452702131854,1.0,CF-causing
c.2353C>T,p.Arg785X ,R785X,32.0,0.00022529499563490947,1.0,CF-causing
c.2374C>T,p.Arg792X,R792X,14.0,9.856656059027288e-05,1.0,CF-causing
c.2421A>G,p.Ile807Met,I807M,9.0,6.336421752231828e-05,0.0,Non CF-causing
c.2423_2424dupAT,p.Ser809IlefsX13,2556insAT,4.0,2.8161874454363683e-05,1.0,CF-causing
c.2453delT,p.Leu818TrpfsX3,2585delT,23.0,0.00016193077811259117,1.0,CF-causing
c.2463_2464delTG,p.Ser821ArgfsX4,2594delGT,10.0,7.040468613590921e-05,1.0,CF-causing
c.2464G>T,p.Glu822X,E822X,21.0,0.00014784984088540934,1.0,CF-causing
c.2490+1G>A,No protein name,2622+1G->A,85.0,0.0005984398321552283,0.9848485,CF-causing
c.2491G>T,p.Glu831X,E831X,30.0,0.00021121405840772762,0.2941176,CF-causing
c.2502dupT,p.Asp835X,2634insT,3.0,2.112140584077276e-05,1.0,CF-causing
c.2506G>T,p.Asp836Tyr,D836Y,9.0,6.336421752231828e-05,0.5,Non CF-causing
c.2537G>A or c.2538G>A,p.Trp846X,W846X,56.0,0.00039426624236109153,0.9555556,CF-causing
c.2547C>A,p.Tyr849X ,Y849X,14.0,9.856656059027288e-05,0.875,CF-causing
c.2551C>T,p.Arg851X,R851X,27.0,0.00019009265256695487,0.8947368,CF-causing
c.2562T>C or c.2562T>G or c.2562T>A,p.Thr854Thr,T854T,37.0,0.00026049733870286404,0.625,Non CF-causing
c.2583delT,p.Phe861LeufsX3,2711delT,35.0,0.00024641640147568224,1.0,CF-causing
c.2589_2599delAATTTGGTGCT,p.Ile864SerfsX28,2721del11,7.0,4.928328029513644e-05,1.0,CF-causing
c.2601dupA,p.Val868SerfsX28,2732insA,6.0,4.224281168154552e-05,1.0,CF-causing
c.(2619+1_2620-1)_(3367+1_3368-1)del,No protein name,CFTRdele14b-17b,19.0,0.0001337689036582275,1.0,CF-causing
c.2620-26A>G,No protein name,2752-26A->G,9.0,6.336421752231828e-05,0.25,Unknown significance
c.2645G>A,p.Trp882X,W882X,4.0,2.8161874454363683e-05,1.0,CF-causing
c.2657+2_2657+3insA,No protein name,2789+2insA,84.0,0.0005913993635416374,0.3116883,Unknown significance
c.2657+5G>A,No protein name,2789+5G->A,1027.0,0.007230561266157875,0.4334828,CF-causing
c.2658-1G>C ,No protein name,2790-1G->C,7.0,4.928328029513644e-05,1.0,CF-causing
c.2668C>T,p.Gln890X,Q890X,46.0,0.00032386155622518234,1.0,CF-causing
c.2735C>A,p.Ser912X ,S912X,16.0,0.00011264749781745473,0.9,CF-causing
c.2735C>T,p.Ser912Leu,S912L,7.0,4.928328029513644e-05,0.6,Unknown significance
c.2737_2738insG,p.Tyr913X ,2869insG,9.0,6.336421752231828e-05,1.0,CF-causing
c.2739T>A,p.Tyr913X,Y913X,12.0,8.448562336309105e-05,0.875,CF-causing
c.2763_2764dupAG,p.Val922GlufsX2,2896insAG,6.0,4.224281168154552e-05,1.0,CF-causing
c.2770G>A,p.Asp924Asn,D924N,5.0,3.5202343067954605e-05,0.0,Unknown significance
c.2780T>C,p.Leu927Pro,L927P,31.0,0.00021825452702131854,1.0,CF-causing
c.2797A>G,p.Arg933Gly,R933G,7.0,4.928328029513644e-05,0.29,Varying clinical consequence
c.2810dupT,p.Val938GlyfsX37,2942insT,8.0,5.6323748908727367e-05,1.0,CF-causing
c.2822delT,p.Leu941GlnfsX27,2954delT,7.0,4.928328029513644e-05,0.33,CF-causing
c.2825delT,p.Ile942ThrfsX26,2957delT,7.0,4.928328029513644e-05,1.0,CF-causing
c.2834C>T,p.Ser945Leu,S945L,167.0,0.0011757582584696836,0.3965517,CF-causing
c.2855T>C,p.Met952Thr,M952T,5.0,3.5202343067954605e-05,0.0,Unknown significance
c.2859_2890delACATTCTGTTCTTCAAGCACCTATGTCAACCC,p.Leu953PhefsX11,2991del32,10.0,7.040468613590921e-05,1.0,CF-causing
c.2875delG,p.Ala959HisfsX9,3007delG,40.0,0.00028161874454363684,1.0,CF-causing
c.2896delA,p.Thr966ArgfsX2,3028delA,3.0,2.112140584077276e-05,1.0,CF-causing
c.2900T>C,p.Leu967Ser,L967S,20.0,0.00014080937227181842,0.0,Varying clinical consequence
c.2908G>C,p.Gly970Arg,G970R,12.0,8.448562336309105e-05,1.0,CF-causing
c.(2908+1_2909-1)_(3367+1_3368-1)del,No protein name,CFTRdele16-17b,13.0,9.152609197668197e-05,1.0,CF-causing
c.2909G>A,p.Gly970Asp,G970D,10.0,7.040468613590921e-05,0.1111111,CF-causing
c.2930C>T,p.Ser977Phe,S977F,13.0,9.152609197668197e-05,0.25,Varying clinical consequence
c.2936A>T,p.Asp979Val,D979V,3.0,2.112140584077276e-05,1.0,CF-causing
c.2998delA,p.Ile1000LeufsX2,3130delA,15.0,0.00010560702920386381,1.0,CF-causing
c.2988G>A,No protein name,3120G->A,85.0,0.0005984398321552283,0.5522388,CF-causing
c.(2988+1_2989-1)_(3367+1_3368-1)del,No protein name,"CFTRdele17a,17b",21.0,0.00014784984088540934,1.0,CF-causing
c.(2988+1_2989-1)_(3468+1_3469-1)del,No protein name,CFTRdele17a-18,62.0,0.0004365090540426371,1.0,CF-causing
c.2988+1G>A,No protein name,3120+1G->A,501.0,0.003527274775409051,0.9784483,CF-causing
c.2989-1G>A,No protein name,3121-1G->A,20.0,0.00014080937227181842,1.0,CF-causing
c.2989-2A>G,No protein name,3121-2A->G,7.0,4.928328029513644e-05,1.0,CF-causing
c.2989-977_3367+248del,No protein name,3121-977_3499+248del2515,2.0,1.4080937227181842e-05,1.0,CF-causing
c.2991G>C,p.Leu997Phe,L997F,110.0,0.0007744515474950013,0.3225806,Non CF-causing
c.3002_3003delTG,p.Val1001AspfsX45,3132delTG,4.0,2.8161874454363683e-05,1.0,CF-causing
c.3017C>A,p.Ala1006Glu,A1006E,8.0,5.6323748908727367e-05,0.2,CF-causing
c.3011_3019delCTATAGCAG or c.3009_3017delAGCTATAGC,p.Ala1004_Ala1006del,3143del9,7.0,4.928328029513644e-05,0.4,CF-causing
c.3039delC,p.Tyr1014ThrfsX9,3171delC,5.0,3.5202343067954605e-05,1.0,CF-causing
c.3039dupC,p.Tyr1014LeufsX33,3171insC,3.0,2.112140584077276e-05,1.0,CF-causing
c.3041A>G,p.Tyr1014Cys,Y1014C,6.0,4.224281168154552e-05,0.0,Unknown significance
c.3047T>C,p.Phe1016Ser,F1016S,5.0,3.5202343067954605e-05,0.75,Varying clinical consequence
c.3067_3072delATAGTG,p.Ile1023_Val1024del,3199del6,75.0,0.0005280351460193191,0.98,CF-causing
c.3080T>C,p.Ile1027Thr,I1027T,94.0,0.0006618040496775466,0.6973684,Non CF-causing
c.3095A>G,p.Tyr1032Cys,Y1032C,16.0,0.00011264749781745473,0.3333333,Varying clinical consequence
c.3103C>T,p.Gln1035X,Q1035X,5.0,3.5202343067954605e-05,1.0,CF-causing
c.3107C>A,p.Thr1036Asn,T1036N,13.0,9.152609197668197e-05,0.67,CF-causing
c.3124C>T,p.Gln1042X,Q1042X,6.0,4.224281168154552e-05,1.0,CF-causing
c.3139_3139+1delGG,p.Gly1047GlnfsX28,3271delGG,8.0,5.6323748908727367e-05,1.0,CF-causing
c.(3139+1_3140-1)_(3367+1_3368-1)del,No protein name,CFTRdele17b,3.0,2.112140584077276e-05,1.0,CF-causing
c.3140-26A>G,No protein name,3272-26A->G,470.0,0.003309020248387733,0.2892562,CF-causing
c.3154T>G,p.Phe1052Val,F1052V,34.0,0.0002393759328620913,0.1538462,Varying clinical consequence
c.3158C>T,p.Thr1053Ile,T1053I,9.0,6.336421752231828e-05,0.1666667,Non CF-causing
c.3160C>G,p.His1054Asp ,H1054D,12.0,8.448562336309105e-05,0.5555556,CF-causing
c.3181G>C,p.Gly1061Arg ,G1061R,23.0,0.00016193077811259117,0.6666667,CF-causing
c.3194T>C,p.Leu1065Pro,L1065P,43.0,0.0003027401503844096,0.7666667,CF-causing
c.3196C>T,p.Arg1066Cys,R1066C,220.0,0.0015489030949900025,0.9785714,CF-causing
c.3197G>A,p.Arg1066His,R1066H,100.0,0.0007040468613590921,0.3285714,CF-causing
c.3205G>A,p.Gly1069Arg,G1069R,10.0,7.040468613590921e-05,0.6666667,Varying clinical consequence
c.3208C>T,p.Arg1070Trp,R1070W,36.0,0.00025345687008927314,0.34375,Varying clinical consequence
c.3209G>A,p.Arg1070Gln,R1070Q,21.0,0.00014784984088540934,0.8571429,Varying clinical consequence
c.3217dupT,p.Tyr1073LeufsX3,3349insT,3.0,2.112140584077276e-05,1.0,CF-causing
c.3222T>A or c.3220T>C or c.3222T>G,p.Phe1074Leu ,F1074L,11.0,7.744515474950012e-05,0.0,Varying clinical consequence
c.3230T>C,p.Leu1077Pro,L1077P,96.0,0.0006758849869047284,0.9298246,CF-causing
c.3266G>A,p.Trp1089X,W1089X,68.0,0.0004787518657241826,1.0,CF-causing
c.3276C>A or c.3276C>G,p.Tyr1092X,Y1092X,225.0,0.0015841054380579572,0.9829545,CF-causing
c.3292T>C,p.Trp1098Arg,W1098R,11.0,7.744515474950012e-05,0.75,CF-causing
c.3293G>A or c.3294G>A,p.Trp1098X,W1098X,9.0,6.336421752231828e-05,0.8333333,CF-causing
c.3294G>C or c.3294G>T,p.Trp1098Cys,W1098C,4.0,2.8161874454363683e-05,0.5,CF-causing
c.3297C>A,p.Phe1099Leu,F1099L,7.0,4.928328029513644e-05,0.25,Varying clinical consequence
c.3302T>A,p.Met1101Lys,M1101K,238.0,0.0016756315300346391,0.6914894,CF-causing
c.3302T>G,p.Met1101Arg,M1101R,4.0,2.8161874454363683e-05,0.67,CF-causing
c.3304A>T,p.Arg1102X,R1102X,5.0,3.5202343067954605e-05,1.0,CF-causing
c.3310G>T,p.Glu1104X,E1104X,23.0,0.00016193077811259117,1.0,CF-causing
c.3353C>T,p.Ser1118Phe,S1118F,7.0,4.928328029513644e-05,0.0,CF-causing
c.3365delC,p.Thr1122LysfsX12,3497delC,3.0,2.112140584077276e-05,1.0,CF-causing
c.(3367+1+3368-1)_(3468+1_3469-1)del,No protein name,CFTRdele18,3.0,2.112140584077276e-05,1.0,CF-causing
c.3368-2A>G,No protein name,3500-2A->G,13.0,9.152609197668197e-05,0.875,CF-causing
c.3382A>T,p.Arg1128X,R1128X,3.0,2.112140584077276e-05,1.0,CF-causing
c.3435G>A,p.Trp1145X,W1145X,6.0,4.224281168154552e-05,1.0,CF-causing
c.3454G>C,p.Asp1152His,D1152H,571.0,0.004020107578360415,0.2398082,Varying clinical consequence
c.3458T>A,p.Val1153Glu,V1153E,6.0,4.224281168154552e-05,0.0,Varying clinical consequence
c.3468G>A,No protein name,3600G->A,16.0,0.00011264749781745473,0.3846154,CF-causing
c.(3468+1_3469-1)_(3717+1_3718-1)del,No protein name,CFTRdele19,9.0,6.336421752231828e-05,1.0,CF-causing
c.(3468+1_3469-1)_(3963+1_3964-1)del,No protein name,CFTRdele19-21,7.0,4.928328029513644e-05,1.0,CF-causing
c.3468+2dupT,No protein name,3600+2insT,12.0,8.448562336309105e-05,1.0,CF-causing
c.3468+5G>A,No protein name,3600+5G->A,3.0,2.112140584077276e-05,0.3333333,CF-causing
c.3472C>T,p.Arg1158X,R1158X,179.0,0.0012602438818327749,0.9894737,CF-causing
c.3475T>C,p.Ser1159Pro,S1159P,9.0,6.336421752231828e-05,0.25,CF-causing
c.3476C>T,p.Ser1159Phe,S1159F,14.0,9.856656059027288e-05,0.7777778,CF-causing
c.3484C>T,p.Arg1162X,R1162X,651.0,0.00458334506744769,0.97343,CF-causing
c.3485G>T,p.Arg1162Leu,R1162L,16.0,0.00011264749781745473,0.3846154,Non CF-causing
c.3528delC,p.Lys1177SerfsX15,3659delC,539.0,0.003794812582725506,0.9898,CF-causing
c.3532_3535dupTCAA,p.Thr1179IlefsX17,3667ins4,10.0,7.040468613590921e-05,1.0,CF-causing
c.3587C>G,p.Ser1196X,S1196X,19.0,0.0001337689036582275,1.0,CF-causing
c.3600delA,p.Asp1201MetfsX10,3732delA,4.0,2.8161874454363683e-05,1.0,CF-causing
c.3605delA,p.Asp1202AlafsX9,3737delA,5.0,3.5202343067954605e-05,1.0,CF-causing
c.3611G>A or c.3612G>A,p.Trp1204X,W1204X,29.0,0.0002041735897941367,1.0,CF-causing
c.3659delC,p.Thr1220LysfsX8,3791delC,20.0,0.00014080937227181842,1.0,CF-causing
c.3691delT  ,p.Ser1231ProfsX4,3821delT,5.0,3.5202343067954605e-05,1.0,CF-causing
c.3700A>G,p.Ile1234Val,I1234V,33.0,0.0002323354642485004,0.4375,CF-causing
c.3705T>G,p.Ser1235Arg,S1235R,108.0,0.0007603706102678195,0.3777778,Non CF-causing
c.3717G>A,No protein name,3849G->A,3.0,2.112140584077276e-05,0.6666667,CF-causing
c.3717+4A>G,No protein name,3849+4A->G,14.0,9.856656059027288e-05,0.2222222,CF-causing
c.3717+5G>A,No protein name,3849+5G->A,3.0,2.112140584077276e-05,1.0,CF-causing
c.3717+40A>G,No protein name,3849+40A->G,13.0,9.152609197668197e-05,0.3,CF-causing
c.3718-2477C>T,No protein name,3849+10kbC->T,1158.0,0.008152862654538287,0.3311856,CF-causing
c.3718-1G>A,No protein name,3850-1G->A,12.0,8.448562336309105e-05,0.9090909,CF-causing
c.3718-3T>G,No protein name,3850-3T->G,6.0,4.224281168154552e-05,1.0,CF-causing
c.3719T>G,p.Val1240Gly,V1240G,3.0,2.112140584077276e-05,0.0,CF-causing
c.3731G>A,p.Gly1244Glu,G1244E,106.0,0.0007462896730406376,0.96875,CF-causing
c.3737C>T,p.Thr1246Ile,T1246I,23.0,0.00016193077811259117,0.45,Varying clinical consequence
c.3744delA,p.Lys1250ArgfsX9,3876delA,91.0,0.0006406826438367738,1.0,CF-causing
c.3745G>A,p.Gly1249Arg,G1249R,7.0,4.928328029513644e-05,0.6,CF-causing
c.3747delG,p.Lys1250ArgfsX9,3878delG,9.0,6.336421752231828e-05,0.8333333,CF-causing
c.3752G>A,p.Ser1251Asn,S1251N,120.0,0.0008448562336309105,0.787234,CF-causing
c.3761T>G,p.Leu1254X,L1254X,24.0,0.0001689712467261821,1.0,CF-causing
c.3763T>C,p.Ser1255Pro,S1255P,10.0,7.040468613590921e-05,0.8,CF-causing
c.3764C>A,p.Ser1255X,S1255X,16.0,0.00011264749781745473,0.8,CF-causing
c.3773dupT,p.Leu1258PhefsX7,3905insT,210.0,0.0014784984088540933,0.9662162,CF-causing
c.3806T>A,p.Ile1269Asn,I1269N,12.0,8.448562336309105e-05,0.6,CF-causing
c.3808delG,p.Asp1270MetfsX8,3940delG,3.0,2.112140584077276e-05,1.0,CF-causing
c.3808G>A,p.Asp1270Asn,D1270N,55.0,0.00038722577374750063,0.1666667,Varying clinical consequence
c.3822G>A,p.Trp1274X,W1274X,3.0,2.112140584077276e-05,1.0,CF-causing
c.3846G>A,p.Trp1282X,W1282X,1726.0,0.012151848827057929,0.9864995,CF-causing
c.[3846G>A;3848G>T],p.[Trp1282X;Arg1283Met],W1282X;R1283M,6.0,4.224281168154552e-05,1.0,CF-causing
c.3848G>T,p.Arg1283Met,R1283M,7.0,4.928328029513644e-05,0.29,CF-causing
c.3872A>G,p.Gln1291Arg,Q1291R,9.0,6.336421752231828e-05,0.0,Varying clinical consequence
c.3873G>C,p.Gln1291His,Q1291H,30.0,0.00021121405840772762,0.1666667,Varying clinical consequence
c.3873+1G>A,No protein name,4005+1G->A,21.0,0.00014784984088540934,1.0,CF-causing
c.(3873+1_3874-1)_(3963+1_3964-1)del,No protein name,CFTRdele21,5.0,3.5202343067954605e-05,1.0,CF-causing
c.3873+2T>C,No protein name,4005+2T->C,15.0,0.00010560702920386381,0.2666667,CF-causing
c.3883_3886delATTT,p.Ile1295PhefsX32,4010del4,12.0,8.448562336309105e-05,1.0,CF-causing
c.3883delA,p.Ile1295PhefsX33,4015delA,5.0,3.5202343067954605e-05,0.6666667,CF-causing
c.3889dupT,p.Ser1297PhefsX5 ,4016insT,100.0,0.0007040468613590921,1.0,CF-causing
c.3891dupT,p.Gly1298TrpfsX4,4022insT,5.0,3.5202343067954605e-05,1.0,CF-causing
c.3908delA,p.Asn1303ThrfsX25,4040delA,10.0,7.040468613590921e-05,1.0,CF-causing
c.3909C>G,p.Asn1303Lys,N1303K,2246.0,0.015812892506125206,0.9815951,CF-causing
c.3929G>A,p.Trp1310X,W1310X,3.0,2.112140584077276e-05,1.0,CF-causing
c.3937C>T,p.Gln1313X,Q1313X,30.0,0.00021121405840772762,1.0,CF-causing
c.(3963+1_3964-1)_(*1_?)del,No protein name,CFTRdele22-24,40.0,0.00028161874454363684,1.0,CF-causing
c.3964-78_4242+577del,No protein name,"CFTRdele22,23",40.0,0.00028161874454363684,0.962963,CF-causing
c.3971T>C,p.Leu1324Pro,L1324P,4.0,2.8161874454363683e-05,0.6666667,CF-causing
c.3988C>T,p.Gln1330X,Q1330X,3.0,2.112140584077276e-05,1.0,CF-causing
c.4004T>C,p.Leu1335Pro,L1335P,19.0,0.0001337689036582275,0.6153846,CF-causing
c.4036_4042del,p.Leu1346MetfsX6,4168delCTAAGCC,3.0,2.112140584077276e-05,1.0,CF-causing
c.4046G>A,p.Gly1349Asp ,G1349D,22.0,0.00015489030949900024,0.875,CF-causing
c.4077_4080delTGTTinsAA,No protein name,4209TGTT->AA,18.0,0.00012672843504463657,1.0,CF-causing
c.4086dupT,p.Lys1363X,4218insT,5.0,3.5202343067954605e-05,1.0,CF-causing
c.4097T>A,p.Ile1366Asn,I1366N,5.0,3.5202343067954605e-05,0.0,CF-causing
c.4111G>T,p.Glu1371X ,E1371X,19.0,0.0001337689036582275,1.0,CF-causing
c.4124A>C,p.His1375Pro,H1375P,7.0,4.928328029513644e-05,0.5,CF-causing
c.4127_4131delTGGAT,p.Leu1376SerfsX8,4259del5,3.0,2.112140584077276e-05,1.0,CF-causing
c.4144C>T,p.Gln1382X,Q1382X,5.0,3.5202343067954605e-05,1.0,CF-causing
c.4147dupA,p.Ile1383AsnfsX3,4279insA,5.0,3.5202343067954605e-05,1.0,CF-causing
c.4197_4198delCT,p.Cys1400X ,4326delTC,18.0,0.00012672843504463657,1.0,CF-causing
c.4231C>T,p.Gln1411X,Q1411X,7.0,4.928328029513644e-05,1.0,CF-causing
c.4234C>T,p.Gln1412X ,Q1412X,4.0,2.8161874454363683e-05,1.0,CF-causing
c.4242+1G>T,No protein name,4374+1G->T,16.0,0.00011264749781745473,0.9285714,CF-causing
c.4242+1G>A,No protein name,4374+1G->A,8.0,5.6323748908727367e-05,1.0,CF-causing
c.4251delA,p.Glu1418ArgfsX14,4382delA,65.0,0.00045763045988340983,0.3846154,CF-causing
c.4300_4301dup,p.Ser1435GlyfsX14 ,4428insGA,4.0,2.8161874454363683e-05,0.75,CF-causing
c.4364C>G,p.Ser1455X,S1455X,18.0,0.00012672843504463657,0.1,Varying clinical consequence
c.4426C>T,p.Gln1476X,Q1476X,17.0,0.00011968796643104564,0.1818182,Varying clinical consequence
c.4439T>C,p.Leu1480Pro,L1480P,5.0,3.5202343067954605e-05,0.67,Varying clinical consequence
