mutation,runtime,length
base,261.3876178264618,1480
Y122X,0.5931127071380615,121
Y563X,13.931463718414307,562
Y849X,45.99087190628052,848
W1204X,135.73911952972412,1203
Y569D,260.80408573150635,1480
Y109X,0.5858640670776367,108
R709X,27.32008934020996,708
W882X,50.40760803222656,881
W1145X,111.67243885993958,1144
Y563N,261.1009638309479,1480
W496X,9.46193552017212,495
R553X,13.36635422706604,552
W846X,45.4920117855072,845
W1098X,101.51068234443665,1097
Y563D,260.88047671318054,1480
W401X,5.801424741744995,400
Q715X,27.830353260040283,714
S912X,57.997321128845215,911
W1089X,97.37575554847717,1088
Y161D,260.94756150245667,1480
W216X,1.3970699310302734,215
Q685X,24.9169180393219,684
R851X,45.94456720352173,850
S1196X,133.8517963886261,1195
Y1032C,260.98926281929016,1480
S489X,9.157832384109497,488
Q552X,13.467840433120728,551
R792X,37.40457892417908,791
R1162X,123.08041381835938,1161
Y1014C,261.04442167282104,1480
S466X,8.268435001373291,465
Q525X,11.658016920089722,524
R785X,36.927215576171875,784
R1158X,122.57326698303223,1157
W57G,261.1464626789093,1480
Q493X,9.33845829963684,492
L732X,28.841550827026367,731
R764X,31.622557401657104,763
R1128X,108.90598154067993,1127
W1310X,261.0700945854187,1480
Q414X,6.158168077468872,413
K710X,27.47229790687561,709
Q890X,51.08621835708618,889
R1102X,102.120041847229,1101
W1282X,173.30312728881836,1281
Q353X,3.9621922969818115,352
G745X,30.278618097305298,744
E831X,42.133814573287964,830
Q1042X,86.68701839447021,1041
W1274X,158.5874171257019,1273
Q290X,2.6982717514038086,289
G550X,13.215802192687988,549
E822X,41.595603466033936,821
Q1035X,85.63250398635864,1034
W1098R,261.0403108596802,1480
Q220X,1.4227004051208496,219
G542X,12.43908429145813,541
3737delA,73.22001218795776,998
E1104X,102.72930812835693,1103
W1098C,260.9227702617645,1480
L218X,1.4224398136138916,217
E664X,22.72082209587097,663
3130delA,73.21262621879578,1000
892delA,84.87623977661133,1028
V520F,260.9569401741028,1480
G330X,3.552640914916992,329
E656X,22.307050943374634,655
3007delG,68.77514219284058,966
3821delT,146.33681678771973,1233
V456A,260.99088430404663,1480
E193X,1.1125290393829346,192
E585X,15.523993492126465,584
2954delT,73.58998370170593,999
3791delC,144.7839696407318,1226
V232D,260.7744414806366,1480
C276X,2.4558846950531006,275
C524X,11.686373949050903,523
2942insT,69.53564977645874,973
3732delA,136.97078156471252,1209
V201M,260.9955496788025,1480
991del5,2.973776340484619,304
2307insA,28.731225967407227,728
2896insAG,59.12918543815613,922
3667ins4,133.39850544929504,1194
V1240G,260.9001536369324,1480
977insA,2.594170093536377,284
2185insC,25.020939588546753,687
3659delC,132.1209270954132,1190
V1153E,261.01368594169617,1480
935delA,2.5858798027038574,283
2184insA,25.022584915161133,687
2711delT,46.78058624267578,862
3171insC,87.11926174163818,1045
T338I,260.99770855903625,1480
849delG,1.6799225807189941,239
2184delA,28.30619764328003,720
2634insT,44.411173582077026,834
3171delC,76.03692245483398,1021
T1246I,260.8960380554199,1480
675del4,1.0905814170837402,186
2594delGT,41.690112590789795,823
3132delTG,87.14279365539551,1044
T1036N,260.9907169342041,1480
663insT,1.0095458030700684,181
2143delT,22.796308755874634,670
2585delT,41.42638564109802,819
S977F,260.88608145713806,1480
663delT,1.077486515045166,187
2118del4,22.92335319519043,669
2556insAT,41.67351722717285,820
S945L,261.2027587890625,1480
602del14,0.8269448280334473,156
2105-2117del13insAGAAA,22.52708649635315,661
2347delG,31.05469584465027,753
S912L,261.0089783668518,1480
574delA,0.7880122661590576,151
S549R,261.1042597293854,1480
557delT,0.803818941116333,151
2055del9->A,22.533278703689575,661
S549N,261.1326723098755,1480
556delA,0.7891526222229004,151
S492F,261.1799852848053,1480
541delC,0.7826154232025146,151
1833delT,14.30049991607666,570
S341P,261.19218945503235,1480
457TAT->G,0.5784828662872314,105
1824delA,14.293808698654175,570
S1455X,246.1389582157135,1454
1802delC,13.851303815841675,557
S13F,261.1037223339081,1480
442delA,0.5859887599945068,105
1782delA,13.80056095123291,557
S1255X,152.49491143226624,1254
4279insA,0.763883113861084,152
1677delTA,11.326308250427246,514
S1255P,260.9853844642639,1480
1609delCA,9.665518999099731,501
S1251N,261.08028984069824,1480
1548delG,11.746549367904663,525
S1159P,261.0232512950897,1480
394delTT,0.5862917900085449,108
S1159F,261.0403335094452,1480
365-366insT,0.5844526290893555,109
S1118F,260.8796865940094,1480
3497delC,4.327728986740112,367
R933G,260.9114799499512,1480
3349insT,4.364445924758911,368
R74W,261.0239112377167,1480
R560T,261.10081696510315,1480
2732insA,3.007127046585083,305
R560S,261.0775716304779,1480
R560K,260.9676651954651,1480
1504delG,8.317806959152222,467
R352W,261.16190457344055,1480
1497delGG,8.596847534179688,479
R352Q,261.124342918396,1480
1471delA,7.349554061889648,447
R347P,261.0739710330963,1480
1461ins4,7.316967725753784,445
R347H,261.17486214637756,1480
1460delAT,7.233088493347168,443
R334W,260.93678307533264,1480
R334Q,261.09573674201965,1480
1288insTA,5.441441535949707,387
R334L,260.9934959411621,1480
1259insA,4.671541452407837,380
R31L,261.0528826713562,1480
1213delT,4.347695350646973,367
R258G,261.03928422927856,1480
1161delC,3.8209571838378906,342
R1283M,261.082510471344,1480
1154insTC,4.384587049484253,368
R117P,261.0135250091553,1480
1138insG,4.20606255531311,362
R117L,261.15218234062195,1480
1119delA,4.337017774581909,367
R117H,261.0113904476166,1480
1078delT,3.491819143295288,326
R117G,261.1187734603882,1480
R117C,261.191930770874,1480
R1070W,261.19144225120544,1480
R1066H,261.2292273044586,1480
R1066C,261.1708998680115,1480
Q98R,261.26528787612915,1480
Q720X,261.2557919025421,1480
Q359R,261.21814727783203,1480
Q237E,261.03311014175415,1480
Q1476X,259.44903779029846,1475
Q1412X,230.89877939224243,1411
Q1411X,230.22376894950867,1410
Q1382X,211.4009871482849,1381
Q1313X,182.2201726436615,1312
Q1291R,261.1003386974335,1480
Q1291H,261.3011357784271,1480
P99L,261.27211356163025,1480
P750L,261.28604555130005,1480
P67L,261.22996520996094,1480
P5L,261.17851090431213,1480
P574H,261.16676449775696,1480
P205S,260.97883462905884,1480
N1303K,261.0944447517395,1480
M952T,261.04280161857605,1480
M265R,261.0700442790985,1480
M1V,261.05610251426697,1480
M1101R,261.1060013771057,1480
M1101K,261.061172246933,1480
L967S,260.952867269516,1480
L927P,260.9853491783142,1480
L558S,261.1057150363922,1480
L467P,261.08454418182373,1480
L453S,261.0324079990387,1480
L346P,261.00543451309204,1480
L227R,261.0555582046509,1480
L206W,261.10926246643066,1480
L165S,260.95384311676025,1480
L15P,260.95340490341187,1480
L1480P,261.06548023223877,1480
L138ins,259.9185118675232,1481
L1335P,261.0430073738098,1480
L1324P,260.95415687561035,1480
L1254X,153.86846232414246,1253
L1077P,260.993994474411,1480
L1065P,261.0002417564392,1480
L102R,261.0630433559418,1480
I618T,261.05446600914,1480
I601F,261.1330909729004,1480
I507del,260.24693965911865,1479
I502T,260.9113199710846,1480
I336K,260.9267737865448,1480
I1366N,260.97452116012573,1480
I1269N,260.94185304641724,1480
I1234V,261.08646273612976,1480
H609R,261.08555698394775,1480
H199Y,260.89244174957275,1480
H139R,261.06615447998047,1480
H1375P,261.0672059059143,1480
H1054D,261.1110258102417,1480
G970R,261.08593368530273,1480
G970D,261.21283197402954,1480
G91R,261.2375555038452,1480
G85E,261.1225907802582,1480
G628R,261.2543613910675,1480
G622D,261.31253147125244,1480
G551S,261.13983607292175,1480
G551D,260.9536371231079,1480
G314E,261.09481716156006,1480
G27R,261.05431056022644,1480
G194V,261.00659132003784,1480
G178R,261.0963203907013,1480
G1349D,261.08842611312866,1480
G126D,261.1050772666931,1480
G1249R,261.0100498199463,1480
G1244E,261.11530208587646,1480
G1069R,260.96585035324097,1480
G1061R,261.0637962818146,1480
F575Y,260.99733877182007,1480
F508del,260.2303538322449,1479
F312del,260.219664812088,1479
F311L,260.9412896633148,1480
F191V,261.13458132743835,1480
F1099L,260.98810625076294,1480
F1074L,261.1030650138855,1480
F1052V,261.1606204509735,1480
F1016S,261.00503873825073,1480
E92K,261.0941104888916,1480
E60K,261.12481021881104,1480
E588V,261.1566083431244,1480
E56K,261.0483191013336,1480
E474K,261.10709261894226,1480
E193K,260.99079632759094,1480
E1371X,203.0509865283966,1370
E116K,260.9604642391205,1480
D979V,260.87444138526917,1480
D924N,261.01849842071533,1480
D614G,261.0083475112915,1480
D579G,261.00512957572937,1480
D513G,261.0192656517029,1480
D443Y,261.1149961948395,1480
D192G,260.9949996471405,1480
D1270N,261.0594630241394,1480
D1152H,260.9781219959259,1480
D110H,260.98678517341614,1480
D110E,260.97343039512634,1480
C225X,260.9951591491699,1480
A613T,261.08744955062866,1480
A561E,261.0553774833679,1480
A559T,260.8500301837921,1480
A46D,260.980765581131,1480
A455E,260.9681341648102,1480
A349V,261.01223587989807,1480
A120T,260.87441849708557,1480
A1006E,261.02449011802673,1480
4382delA,234.10097002983093,1430
4326delTC,214.39573764801025,1399
4259del5,210.17040991783142,1382
4218insT,201.18501710891724,1362
4040delA,187.1751356124878,1326
4022insT,176.92065119743347,1300
4016insT,176.96590518951416,1300
4015delA,187.2040867805481,1326
4010del4,188.28123235702515,1325
3940delG,158.75630640983582,1276
3905insT,155.7951557636261,1263
3878delG,155.33961009979248,1257
3199del6,259.1350853443146,1478
1949del84,246.52725291252136,1452
Y275X,2.4403278827667236,274
Y577X,14.685704708099365,576
Y913X,58.11561679840088,912
Y1092X,100.92402195930481,1091
