,err,err,err,err,err,err,err,err,err,err,err,err,yhat,yhat,yhat,yhat,yhat,yhat,yhat,yhat,yhat,yhat,yhat,yhat,y,y,y,y,y,y,y,y,y,y,y,y
category,PI,PI,PI,PI,infection,infection,infection,infection,sweat,sweat,sweat,sweat,PI,PI,PI,PI,infection,infection,infection,infection,sweat,sweat,sweat,sweat,PI,PI,PI,PI,infection,infection,infection,infection,sweat,sweat,sweat,sweat
lbl,f508,int,pair,homo,f508,int,pair,homo,f508,int,pair,homo,f508,int,pair,homo,f508,int,pair,homo,f508,int,pair,homo,f508,int,pair,homo,f508,int,pair,homo,f508,int,pair,homo
mutation,,,,,,,,,,,,,,,,,,,,,,,,,,,,,,,,,,,,
1078delT,-0.17739732945882736,-3.2380235762795735,-0.06210720709603379,,10.454998943063245,12.607898161606698,11.388506693640764,,-7.414519641946271,-6.537700762231495,-7.415788272392433,,99.17739732945883,95.23802357627957,99.06210720709603,,56.545001056936755,50.3921018383933,55.611493306359236,,104.41451964194627,104.5377007622315,104.41578827239243,,99.0,92.0,99.0,,67.0,63.0,67.0,,97.0,98.0,97.0,
1138insG,0.3064165949727453,4.998541665539221,0.31849199550720186,,21.264108698038868,20.803739392939818,22.41623235192705,,-3.2431501773787232,3.494351732947621,-3.231418069102503,,99.69358340502725,95.00145833446078,99.6815080044928,,55.73589130196113,50.19626060706018,54.58376764807295,,106.24315017737872,100.50564826705238,106.2314180691025,,100.0,100.0,100.0,,77.0,71.0,77.0,,103.0,104.0,103.0,
1154insTC,-0.9396373889423302,-3.217137271923548,-0.9142370325588018,,2.237123090647316,6.666947085462731,3.669287211041741,,-4.836020887618901,0.4590553285605239,-4.82255064903805,,99.93963738894233,96.21713727192355,99.9142370325588,,56.762876909352684,50.33305291453727,55.33071278895826,,106.8360208876189,100.54094467143948,106.82255064903805,,99.0,93.0,99.0,,59.0,57.0,59.0,,102.0,101.0,102.0,
1161delC,0.4724003245166557,5.356033776053323,0.5244257331029729,,18.979053918005228,41.982819960767166,19.97092380351006,,8.087824507734439,2.806706717628245,8.082185340636727,,99.52759967548334,94.64396622394668,99.47557426689703,,56.02094608199477,50.017180039232834,55.02907619648994,,102.91217549226556,102.19329328237176,102.91781465936327,,100.0,100.0,100.0,,75.0,92.0,75.0,,111.0,105.0,111.0,
1213delT,0.2989199213217688,-3.222775784803119,0.31086739296662813,,-7.32722789938645,-0.41372628109677834,-5.787300451701462,,-2.330423172268979,-0.8568162783544153,-2.3205448287244224,,99.70108007867823,96.22277578480312,99.68913260703337,,57.32722789938645,50.41372628109678,55.78730045170146,,106.33042317226898,100.85681627835442,106.32054482872442,,100.0,93.0,100.0,,50.0,50.0,50.0,,104.0,100.0,104.0,
1259insA,0.32914981771929774,5.295480378260336,0.36847779851484574,,3.483959150554817,-8.458801872020338,4.988368069388642,,9.43169357435221,2.736055287719438,9.428290149339531,,99.6708501822807,94.70451962173966,99.63152220148515,,56.51604084944518,50.45880187202034,55.01163193061136,,104.56830642564779,99.26394471228056,104.57170985066047,,100.0,100.0,100.0,,60.0,42.0,60.0,,114.0,102.0,114.0,
1288insTA,,-1.6854176167993558,,,,-17.532906485883622,,,,-14.504962764695946,,,,95.68541761679936,,,,50.53290648588362,,,,102.50496276469595,,,,94.0,,,,33.0,,,,88.0,,
1461ins4,3.1038004754809947,-1.6848534770097388,3.328886532481718,,3.972460245297455,11.980164974294937,5.777162008721646,,-6.280261696821796,-5.699234508998487,-5.9049582426869875,,93.896199524519,93.68485347700974,93.67111346751828,,55.027539754702545,50.01983502570506,53.222837991278354,,105.2802616968218,104.69923450899849,104.90495824268699,,97.0,92.0,97.0,,59.0,62.0,59.0,,99.0,99.0,99.0,
1471delA,-11.39930537669234,-4.3108493031649004,-10.672652712923096,,-9.750831101047396,-6.198808256588563,-7.795191544468352,,7.7895395452304825,5.531666600344849,8.15346190302779,,98.39930537669234,94.3108493031649,97.6726527129231,,55.750831101047396,50.19880825658856,53.79519154446835,,101.21046045476952,101.46833339965515,100.84653809697221,,87.0,90.0,87.0,,46.0,44.0,46.0,,109.0,107.0,109.0,
1497delGG,,7.525079943900394,,,,-36.37833281963565,,,,15.449448316033326,,,,92.4749200560996,,,,50.37833281963565,,,,101.55055168396667,,,,100.0,,,,14.0,,,,117.0,,
1548delG,,9.071630226650555,,,,-6.899714271377661,,,,-1.1980980290415317,,,,90.92836977334944,,,,49.89971427137766,,,,102.19809802904153,,,,100.0,,,,43.0,,,,101.0,,
1609delCA,1.6086302307001432,-3.0454209213692423,5.931656227438054,,-32.64915043385158,-30.226019365451997,-30.379056838949218,,2.206813790164361,3.3734352263931413,3.7907553085649255,,98.39136976929986,93.04542092136924,94.06834377256195,,55.64915043385158,50.226019365452,53.37905683894922,,101.79318620983564,103.62656477360686,100.20924469143507,,100.0,90.0,100.0,,23.0,20.0,23.0,,104.0,107.0,104.0,
1677delTA,1.6323912276973829,0.9301220301946529,7.060704880198102,1.699944370327799,-6.901060492958486,-13.00408777358173,-15.394864909554272,-24.813057068055343,0.5272803498206002,-2.6836266421732518,5.682228705468432,9.438897739573605,98.36760877230262,92.06987796980535,92.9392951198019,98.3000556296722,53.901060492958486,50.00408777358173,52.39486490955427,51.81305706805534,101.4727196501794,103.68362664217325,98.81777129453157,97.5611022604264,100.0,93.0,100.0,100.0,47.0,37.0,37.0,27.0,102.0,101.0,104.5,107.0
175insT,,-6.50358798804487,,,,16.071925966510946,,,,12.920850730921003,,,,89.50358798804487,,,,50.928074033489054,,,,97.079149269079,,,,83.0,,,,67.0,,,,110.0,,
182delT,1.5541309008724653,-11.311139868266253,1.7475596633426704,,-20.109336123101443,-13.427124331558922,-21.469338745853,,-15.891263842325372,-12.789642620227141,-15.51129557000148,,98.44586909912753,89.31113986826625,98.25244033665733,,53.10933612310144,51.42712433155892,54.469338745853,,103.89126384232537,98.78964262022714,103.51129557000148,,100.0,78.0,100.0,,33.0,38.0,33.0,,88.0,86.0,88.0,
1949del84,46.83498617902731,50.17112522561955,47.015112580047216,,3.8900084444523557,3.948521977778924,3.734242683759902,,27.58079574060625,27.43191752303052,27.591829857873293,,53.16501382097269,49.82887477438045,52.984887419952784,,46.109991555547644,46.051478022221076,46.2657573162401,,83.41920425939375,79.56808247696948,83.4081701421267,,100.0,100.0,100.0,,50.0,50.0,50.0,,111.0,107.0,111.0,
2043delG,,17.981946518020465,,,,,,,,-6.067787758777413,,,,82.01805348197954,,,,,,,,97.06778775877741,,,,100.0,,,,,,,,91.0,,
2055del9->A,13.115954277108656,6.252903585753685,8.871484118533274,,-12.794707174053698,-14.359696433175863,-11.27752342907911,,-5.151019577281559,-10.867659432396138,-6.153535861022505,,76.88404572289134,83.74709641424631,81.12851588146673,,52.7947071740537,49.35969643317586,51.27752342907911,,101.15101957728156,97.86765943239614,102.1535358610225,,90.0,90.0,90.0,,40.0,35.0,40.0,,96.0,87.0,96.0,
2105-2117del13insAGAAA,8.171951524206008,13.290329345113747,12.54241931572814,,-9.634429211544834,-9.316069283916427,-8.144777408274066,,-2.7086337098906768,4.73192350686476,1.1635782337466338,,77.82804847579399,82.70967065488625,80.45758068427186,,52.634429211544834,49.31606928391643,51.14477740827407,,100.70863370989068,95.26807649313524,100.83642176625337,,86.0,96.0,93.0,,43.0,40.0,43.0,,98.0,100.0,102.0,
2118del4,-60.60823593284603,-52.59758745203101,-64.1158193090733,,11.43521492282592,0.8088464933944053,12.68763806786454,,6.747566698131834,4.091772369488325,5.8695588890456065,,90.60823593284603,91.59758745203101,94.1158193090733,,51.56478507717408,49.191153506605595,50.31236193213546,,99.25243330186817,95.90822763051167,100.1304411109544,,30.0,39.0,30.0,,63.0,50.0,63.0,,106.0,100.0,106.0,
2143delT,16.00166496952305,9.675591276898984,15.469058999385652,,-3.3049335652684775,-3.221092420064771,-17.073692170561053,,-1.5857046135337498,2.8412334149933542,-0.6621849398429731,,77.99833503047695,83.32440872310102,81.53094100061435,,52.30493356526848,49.22109242006477,51.57369217056105,,100.58570461353375,96.15876658500665,101.16218493984297,,94.0,93.0,97.0,,49.0,46.0,34.5,,99.0,99.0,100.5,
2183AA->G,12.799293657589615,4.118435367975991,7.858900320807308,-2.8837776322908866,-4.346739199047363,-5.157078644721253,-1.0141726325027278,3.8564714971349687,1.9740838017570894,1.7538475540863487,1.5173875471142821,2.4274715656308814,83.20070634241038,84.88156463202401,86.69665523474825,99.88377763229089,52.34673919904736,49.15707864472125,51.01417263250273,51.14352850286503,100.02591619824291,97.24615244591365,100.70483467510795,100.57252843436912,96.0,89.0,94.55555555555556,97.0,48.0,44.0,50.0,55.0,102.0,99.0,102.22222222222223,103.0
2184delA,2.4212269418971033,2.915940827846484,3.9463893351497603,0.9329574980469033,14.563000086985681,16.177809318347975,16.787326665546637,-1.2516183564929335,0.7436822242985244,1.350952413639817,-3.2867715751785056,-9.43223840424399,94.5787730581029,89.08405917215352,95.05361066485024,99.0670425019531,51.43699991301432,48.822190681652025,50.54600666778669,51.25161835649293,100.25631777570148,98.64904758636018,101.2867715751785,103.43223840424399,97.0,92.0,99.0,100.0,66.0,65.0,67.33333333333333,50.0,101.0,100.0,98.0,94.0
2184insA,-2.5186462905374754,-3.868017471465137,7.599637191778925,,8.276241538782038,9.971200602420666,11.161658277695786,,4.303168518146322,4.107963803772833,-0.6795994913958339,,85.51864629053748,85.86801747146514,86.7336961415544,,51.72375846121796,49.028799397579334,50.50500838897088,,99.69683148185368,96.89203619622717,101.01293282472916,,83.0,82.0,94.33333333333333,,60.0,59.0,61.666666666666664,,104.0,101.0,100.33333333333333,
2307insA,-0.3236575814454312,3.1141916341293836,-0.8873425412049443,,-11.708381224307388,-5.966529409592525,-10.76069735155,,0.242801333465394,4.3201782630612655,-0.11362991347314733,,96.32365758144543,89.88580836587062,96.88734254120494,,52.70838122430739,48.966529409592525,51.76069735155,,100.7571986665346,98.67982173693873,101.11362991347315,,96.0,93.0,96.0,,41.0,43.0,41.0,,101.0,103.0,101.0,
2347delG,1.7389983128348518,-9.57660822435625,1.6716952695158795,,-11.752551573676158,-1.8112892494128232,-11.012289814167453,,14.218593261441768,10.096874070661514,14.232278910557852,,98.26100168716515,93.57660822435625,98.32830473048412,,52.75255157367616,48.81128924941282,52.01228981416745,,99.78140673855823,98.90312592933849,99.76772108944215,,100.0,84.0,100.0,,41.0,47.0,41.0,,114.0,109.0,114.0,
2585delT,15.403958150765959,7.632538234814589,14.936986984182084,,-20.647379788887143,-25.67290149964579,-20.202020589990262,,1.263975901144363,-2.359696482759034,1.2488035625219425,,84.59604184923404,83.36746176518541,85.06301301581792,,53.64737978888714,48.67290149964579,53.20202058999026,,100.73602409885564,99.35969648275903,100.75119643747806,,100.0,91.0,100.0,,33.0,23.0,33.0,,102.0,97.0,102.0,
2594delGT,15.801722175206237,18.560584138764057,15.295137083946386,,7.787743209460665,11.632714025263695,8.005338625550607,,-2.17808241973556,1.4798182736723646,-2.1929975140324416,,84.19827782479376,81.43941586123594,84.70486291605361,,52.212256790539335,48.367285974736305,51.99466137444939,,101.17808241973556,98.52018172632764,101.19299751403244,,100.0,100.0,100.0,,60.0,60.0,60.0,,99.0,100.0,99.0,
2711delT,12.392558020387355,9.937810008377681,12.350533086394492,,10.456287159830175,10.812887592420388,10.591135279033608,,5.337557568238395,0.5573947526099658,5.326521991042341,,87.60744197961264,84.06218999162232,87.64946691360551,,52.543712840169825,48.18711240757961,52.40886472096639,,101.6624424317616,98.44260524739003,101.67347800895766,,100.0,94.0,100.0,,63.0,59.0,63.0,,107.0,99.0,107.0,
2732insA,,8.353908625616612,,,,-25.89621072558593,,,,16.799311232438527,,,,91.64609137438339,,,,50.89621072558593,,,,98.20068876756147,,,,100.0,,,,25.0,,,,115.0,,
2869insG,6.4111987513499,-3.554328044958126,6.214969798290824,,27.80550607173874,38.24581849826329,27.717065911779343,,-4.562569006015977,-3.778163887286752,-4.49286606782384,,93.5888012486501,92.55432804495813,93.78503020170918,,52.19449392826126,47.75418150173671,52.28293408822066,,108.56256900601598,99.77816388728675,108.49286606782384,,100.0,89.0,100.0,,80.0,86.0,80.0,,104.0,96.0,104.0,
2896insAG,,10.45028149622847,,,,52.39198891179892,,,,1.76567381411148,,,,89.54971850377153,,,,47.60801108820108,,,,98.23432618588852,,,,100.0,,,,100.0,,,,100.0,,
2942insT,,-33.56555553701217,,,,-4.779556505391575,,,,-12.162499572524368,,,,96.56555553701217,,,,47.779556505391575,,,,99.16249957252437,,,,63.0,,,,43.0,,,,87.0,,
2957delT,,6.750751233287161,,,,-18.62706725919295,,,,-6.37951762500721,,,,93.24924876671284,,,,47.62706725919295,,,,102.37951762500721,,,,100.0,,,,29.0,,,,96.0,,
3007delG,5.059765778559083,13.36711601916528,1.6319336184211153,,4.903182507284939,10.293002812068416,5.4568657621452985,,-10.01409909180434,4.7507110818512075,-6.055675762606441,,94.94023422144092,81.63288398083472,98.36806638157888,,55.09681749271506,47.706997187931584,54.5431342378547,,107.01409909180434,92.24928891814879,103.05567576260644,,100.0,95.0,100.0,,60.0,58.0,60.0,,97.0,97.0,97.0,
300delA,3.930459202479369,8.969370800648491,4.567026595690024,,-20.43849678857771,-1.1132335077939857,-21.82383798151333,,-11.382679779572626,9.651887999284966,-9.875790768274058,,96.06954079752063,91.03062919935151,95.43297340430998,,53.43849678857771,51.113233507793986,54.82383798151333,,106.38267977957263,100.34811200071503,104.87579076827406,,100.0,100.0,100.0,,33.0,50.0,33.0,,95.0,110.0,95.0,
306delTAGA,,-9.327474040066107,,,,16.138119978448984,,,,-4.488090865869509,,,,92.32747404006611,,,,50.861880021551016,,,,101.48809086586951,,,,83.0,,,,67.0,,,,97.0,,
306insA,-5.642856595933779,4.691927474196504,-5.084934498943554,,-28.647347315795493,-26.537250466590947,-30.025786354634818,,10.370082266056997,5.654720058795732,11.479803112712474,,97.64285659593378,90.3080725258035,97.08493449894355,,53.64734731579549,51.53725046659095,55.02578635463482,,103.629917733943,99.34527994120427,102.52019688728753,,92.0,95.0,92.0,,25.0,25.0,25.0,,114.0,105.0,114.0,
3120G->A,-0.14721804485493806,5.628385683858994,0.1466618399800197,,0.060102153743635256,2.0031024940205597,-0.10899973260988816,,7.846634886607163,12.926295176522956,7.854716544518283,,54.14721804485494,50.371614316141006,53.85333816001998,,45.939897846256365,45.99689750597944,46.10899973260989,,83.15336511339284,79.07370482347704,83.14528345548172,,54.0,56.0,54.0,,46.0,48.0,46.0,,91.0,92.0,91.0,
3130delA,,14.800813300253708,0.0721342169073722,0.53188979894108,,-9.691191102107197,-5.907648132116023,-1.2070523448017525,,11.248423214986659,3.811302667940481,-8.252058854179225,,85.19918669974629,99.92786578309263,99.46811020105892,,47.6911911021072,55.90764813211602,51.20705234480175,,92.75157678501334,97.18869733205952,109.25205885417923,,100.0,100.0,100.0,,38.0,50.0,50.0,,104.0,101.0,101.0
3199del6,44.32187924838752,38.89869510476645,45.62107620380099,33.11255746899111,7.121827276361586,10.049366810308435,20.59053291771295,29.547276174031566,22.977186359057015,20.968343564698998,31.568628541909447,35.10335546024865,53.67812075161248,50.10130489523355,53.37892379619901,66.88744253100889,45.878172723638414,45.950633189691565,45.90946708228705,50.452723825968434,83.02281364094299,79.031656435301,82.93137145809055,87.89664453975135,98.0,89.0,99.0,100.0,53.0,56.0,66.5,80.0,106.0,100.0,114.5,123.0
3600G->A,-16.317292412584564,-14.536334859070884,-16.021380386760036,,-13.078156356274455,-16.111679483790283,-13.243528050227347,,-11.34481537919497,-8.23658208482236,-11.334787819685232,,54.317292412584564,50.536334859070884,54.021380386760036,,46.078156356274455,46.11167948379028,46.24352805022735,,83.34481537919497,79.23658208482236,83.33478781968523,,38.0,36.0,38.0,,33.0,30.0,33.0,,72.0,71.0,72.0,
365-366insT,4.363531348634751,9.658837260464693,4.816103002874584,,-20.732596620842102,-18.320944678639542,-22.041859793658055,,0.34401621622589573,1.063953934524534,1.9867432552434678,,95.63646865136525,90.3411627395353,95.18389699712542,,53.7325966208421,51.32094467863954,55.041859793658055,,105.6559837837741,101.93604606547547,104.01325674475653,,100.0,100.0,100.0,,33.0,33.0,33.0,,106.0,103.0,106.0,
3659delC,-0.5881574413190975,7.111044544707539,-7.283146383550218,1.805839670344966,8.057738682151303,15.23529822655673,17.597018018174097,27.452629986199703,0.5068871497885965,5.507035956728203,-0.6353462576206113,-9.868076238477173,99.5881574413191,83.88895545529246,96.14028924069308,98.19416032965503,55.9422613178487,46.76470177344327,52.688696267540195,50.5473700138003,103.4931128502114,95.4929640432718,102.9210605433349,106.86807623847717,99.0,91.0,88.85714285714286,100.0,64.0,62.0,70.28571428571429,78.0,104.0,101.0,102.28571428571429,97.0
3667ins4,,-30.676197763548174,,,,-25.00061403631358,,,,-14.498197429436573,,,,90.67619776354817,,,,47.00061403631358,,,,99.49819742943657,,,,60.0,,,,22.0,,,,85.0,,
3791delC,3.2062212536916945,6.459702913547645,5.329494419648924,,47.344959442899885,16.36759759868508,49.70451051931652,,7.753780128573311,4.346485299497289,8.002227426148679,,96.7937787463083,87.54029708645236,94.67050558035108,,52.655040557100115,46.63240240131492,50.29548948068348,,102.24621987142669,97.65351470050271,101.99777257385132,,100.0,94.0,100.0,,100.0,63.0,100.0,,110.0,102.0,110.0,
3876delA,5.692879606391685,10.097317851224574,10.227096890532337,2.6559743723287284,8.186740066898373,6.409683879436251,-3.365532657272105,-13.437297540110613,2.406036803347021,1.9911683175291728,5.9733737249524665,9.349743650375316,94.30712039360832,87.90268214877543,89.77290310946766,97.34402562767127,52.81325993310163,46.59031612056375,50.69886599060544,51.43729754011061,102.59396319665298,99.00883168247083,101.02662627504753,100.65025634962468,100.0,98.0,100.0,100.0,61.0,53.0,47.333333333333336,38.0,105.0,101.0,107.0,110.0
3878delG,-18.9608162471647,-7.417083091466324,-14.179962102457225,,-10.53172172688987,-8.682872467432723,-7.814991053354738,,-8.554635649460451,-5.1924824166268735,-7.404510851473148,,98.9608162471647,90.41708309146632,94.17996210245722,,53.53172172688987,46.68287246743272,50.81499105335474,,104.55463564946045,100.19248241662687,103.40451085147315,,80.0,83.0,80.0,,43.0,38.0,43.0,,96.0,95.0,96.0,
3905insT,0.6459393170877803,2.145851095144863,6.261416414080443,,9.597976081567026,9.447818759825978,11.924861083237147,,0.3304169827503358,-0.16504783376578303,1.7992504877535964,,95.35406068291222,88.85414890485514,89.73858358591956,,52.402023918432974,46.55218124017402,50.07513891676285,,102.66958301724966,99.16504783376578,101.2007495122464,,96.0,91.0,96.0,,62.0,56.0,62.0,,103.0,99.0,103.0,
394delTT,2.090270318332614,-0.20567275536178897,-3.4301646059189324,-5.397591188556376,1.3371408444119268,-1.0763886478359694,-3.5811977305278475,-13.648048890175012,-2.9981973647401645,-3.3276680119769253,-5.468157426415985,-14.259077814179946,95.90972968166739,91.20567275536179,96.0968312725856,98.39759118855638,52.66285915558807,51.07638864783597,54.24786439719451,51.64804889017501,105.99819736474016,102.32766801197693,104.80149075974931,99.25907781417995,98.0,91.0,92.66666666666667,93.0,54.0,50.0,50.666666666666664,38.0,103.0,99.0,99.33333333333333,85.0
4010del4,,0.7354415380642507,,,,28.75782972878899,,,,20.310220326892562,,,,89.26455846193575,,,,46.24217027121101,,,,97.68977967310744,,,,90.0,,,,75.0,,,,118.0,,
4016insT,1.854631343181282,-6.334326341546017,10.11674247998532,,20.036995082750103,3.528346274729536,21.36375926568377,,0.27829807658383743,-4.475719645546604,2.6828232721444607,,98.14536865681872,89.33432634154602,89.88325752001468,,49.9630049172499,46.471653725270464,48.63624073431623,,99.72170192341616,100.4757196455466,97.31717672785554,,100.0,83.0,100.0,,70.0,50.0,70.0,,100.0,96.0,100.0,
4040delA,0.2768996670094168,13.735536970442595,3.8337510951009364,,18.23206084858166,28.760810622206776,19.02135238278671,,-3.507916879455408,-2.0589794736962688,-2.418748129122875,,99.72310033299058,86.2644630295574,96.16624890489906,,48.76793915141834,46.239189377793224,47.97864761721329,,99.50791687945541,104.05897947369627,98.41874812912287,,100.0,100.0,100.0,,67.0,75.0,67.0,,96.0,102.0,96.0,
4209TGTT->AA,1.4649670322656476,3.5224599617634595,1.6941068587879755,,-9.00672356611905,6.108527919323421,-10.113285739445345,,0.6776369844817935,1.5259589715413995,1.3618009071629587,,98.53503296773435,84.47754003823654,98.30589314121202,,54.00672356611905,50.89147208067658,55.113285739445345,,105.3223630155182,101.4740410284586,104.63819909283704,,100.0,88.0,100.0,,45.0,57.0,45.0,,106.0,103.0,106.0,
4326delTC,31.964264596043833,23.855980352744332,34.33062858237113,,13.305098388791087,10.856281324070643,13.287818075263147,,5.59747533137201,-2.818720056296101,6.075066048500972,,68.03573540395617,59.14401964725567,65.66937141762887,,46.69490161120891,46.14371867592936,46.71218192473685,,98.40252466862799,102.8187200562961,97.92493395149903,,100.0,83.0,100.0,,60.0,57.0,60.0,,104.0,100.0,104.0,
4382delA,-15.471916092560562,-20.11800919985138,-14.839641688302414,,-3.424666255799316,-7.17523211458132,-3.5397415800807224,,21.916653387656254,19.412981443555836,21.98537055514491,,56.47191609256056,52.11800919985138,55.839641688302414,,46.424666255799316,46.17523211458132,46.53974158008072,,85.08334661234375,83.58701855644416,85.01462944485509,,41.0,32.0,41.0,,43.0,39.0,43.0,,107.0,103.0,107.0,
442delA,-11.488400992753014,-5.8296563321367785,-10.88632456522231,,4.539299847593689,6.019733331592569,3.0723595649629942,,-4.020329397392132,0.08758619984909899,-2.375591590937475,,97.48840099275301,91.82965633213678,96.88632456522231,,52.46070015240631,50.98026666840743,53.927640435037006,,106.02032939739213,101.9124138001509,104.37559159093747,,86.0,86.0,86.0,,57.0,57.0,57.0,,102.0,102.0,102.0,
444delA,,9.342489993273034,,,,-6.155171173588279,,,,8.892678271000662,,,,90.65751000672697,,,,51.15517117358828,,,,101.10732172899934,,,,100.0,,,,45.0,,,,110.0,,
457TAT->G,-8.10135978308712,-11.248280019783124,-7.520259708627563,,-9.114129905576043,-25.432103306791284,-10.505631850298236,,13.910458671898468,-1.0130503090448428,15.540112198707817,,97.10135978308712,92.24828001978312,96.52025970862756,,53.11412990557604,51.432103306791284,54.505631850298236,,104.08954132810153,102.01305030904484,102.45988780129218,,89.0,81.0,89.0,,44.0,26.0,44.0,,118.0,101.0,118.0,
541delC,1.4649670322656618,-5.798277718299758,1.6941068587879755,,6.7527863407235955,9.149864293081158,5.529198053347393,,5.635776713318393,2.7519387226743106,6.298794072657827,,98.53503296773434,85.79827771829976,98.30589314121202,,53.247213659276404,50.85013570691884,54.47080194665261,,104.36422328668161,101.24806127732569,103.70120592734217,,100.0,80.0,100.0,,60.0,60.0,60.0,,110.0,104.0,110.0,
557delT,,-16.28410760837086,,,,-0.987923619444679,,,,3.977918473807236,,,,87.28410760837086,,,,50.98792361944468,,,,101.02208152619276,,,,71.0,,,,50.0,,,,105.0,,
574delA,1.4649670322656618,-5.798277718299758,1.6941068587879755,,9.904688322092127,-4.02925999320243,8.657694811905934,,-9.238642473191533,-8.281879037522046,-8.512185423826807,,98.53503296773434,85.79827771829976,98.30589314121202,,53.09531167790787,51.02925999320243,54.342305188094066,,107.23864247319153,103.28187903752205,106.5121854238268,,100.0,80.0,100.0,,63.0,47.0,63.0,,98.0,95.0,98.0,
663delT,0.0500401779847266,0.29377030205760946,0.06829372507722553,,21.62946406567169,12.263883919872988,20.5975003125578,,-7.078266694216438,0.8319150560007813,-5.241344594658713,,99.94995982201527,88.70622969794239,99.93170627492277,,53.37053593432831,50.73611608012701,54.4024996874422,,107.07826669421644,100.16808494399922,105.24134459465871,,100.0,89.0,100.0,,75.0,63.0,75.0,,100.0,101.0,100.0,
935delA,,-4.326717869425323,,,,9.454219862342164,,,,-6.282978773867185,,,,91.32671786942532,,,,50.545780137657836,,,,99.28297877386719,,,,87.0,,,,60.0,,,,93.0,,
977insA,-13.905868972380361,-5.6206832049721385,-13.892529809381188,,-7.225783723208288,-0.6626826339543754,-6.574147570287309,,4.240866218254055,-13.785259209547846,4.31278249819789,,99.90586897238036,91.62068320497214,99.89252980938119,,57.22578372320829,50.662682633954375,56.57414757028731,,101.75913378174594,100.78525920954785,101.68721750180211,,86.0,86.0,86.0,,50.0,50.0,50.0,,106.0,87.0,106.0,
991del5,3.83853332613738,8.478670618920134,3.6585682753808726,,-14.917723059387882,-8.699984130907374,-13.894581998026588,,-15.452805829386975,-0.24150642932092126,-15.454617270818858,,96.16146667386262,91.52132938107987,96.34143172461913,,57.91772305938788,50.699984130907374,56.89458199802659,,105.45280582938697,101.24150642932092,105.45461727081886,,100.0,100.0,100.0,,43.0,42.0,43.0,,90.0,101.0,90.0,
A1006E,,-7.478682669045426,,,,4.01585604711066,,,,-0.17453360430985754,,,,50.478682669045426,,,,45.98414395288934,,,,79.17453360430986,,,,43.0,,,,50.0,,,,79.0,,
A349V,,-39.74223553773323,,,,,,,,-51.57009266757703,,,,50.74223553773323,,,,,,,,79.57009266757703,,,,11.0,,,,,,,,28.0,,
A455E,-21.370440652500065,-16.552806913363867,-18.042385665102557,-18.966926184704192,4.102643233749198,5.022232823655699,16.05657358138083,20.343779917975176,-0.23397575162532291,2.8487345758823324,-6.789905207110706,-14.806623320976357,54.370440652500065,50.55280691336387,54.04238566510256,68.96692618470419,45.8973567662508,45.9777671763443,45.94342641861917,50.656220082024824,83.23397575162532,79.15126542411767,83.2899052071107,89.80662332097636,33.0,34.0,36.0,50.0,50.0,51.0,62.0,71.0,83.0,82.0,76.5,75.0
A559T,46.34174576236774,42.933118688279265,46.629783241857716,33.11577852426254,11.177090123758944,16.09237736565121,22.623837740189565,29.547646879110395,15.927245524839662,17.965075476843268,21.489364382241845,21.589260136906617,53.65825423763226,50.066881311720735,53.370216758142284,66.88422147573746,45.822909876241056,45.90762263434879,45.876162259810435,50.452353120889605,83.07275447516034,79.03492452315673,83.01063561775815,88.41073986309338,100.0,93.0,100.0,100.0,57.0,62.0,68.5,80.0,99.0,97.0,104.5,110.0
A561E,32.192930690604314,29.826050335374845,32.48274629346015,,34.42170133379096,16.09237736565121,34.24284355962039,,25.017932492851187,18.97283153690732,25.024273080910902,,53.807069309395686,50.173949664625155,53.51725370653985,,45.57829866620904,45.90762263434879,45.75715644037961,,82.98206750714881,79.02716846309268,82.9757269190891,,86.0,80.0,86.0,,80.0,62.0,80.0,,108.0,98.0,108.0,
A613T,-34.508626076280386,-30.668111293414775,-34.21042789184261,,-21.163238516285595,-21.1435633665155,-21.326314707222707,,9.866787546165284,13.93405123658701,9.874664372329192,,54.508626076280386,50.668111293414775,54.21042789184261,,46.163238516285595,46.1435633665155,46.32631470722271,,83.13321245383472,79.06594876341299,83.12533562767081,,20.0,20.0,20.0,,25.0,25.0,25.0,,93.0,93.0,93.0,
C276X,8.186609602590323,3.626456265788562,7.263524565672952,,-17.674555024237776,-14.856284103311424,-17.004663845894115,,9.10049034727703,9.604493219068445,9.295659699179453,,91.81339039740968,89.37354373421144,92.73647543432705,,57.674555024237776,50.856284103311424,57.004663845894115,,100.89950965272297,95.39550678093156,100.70434030082055,,100.0,93.0,100.0,,40.0,36.0,40.0,,110.0,105.0,110.0,
C524X,,-23.74042816801962,,,,25.40306127182572,,,,13.56836835090985,,,,94.74042816801962,,,,49.59693872817428,,,,100.43163164909015,,,,71.0,,,,75.0,,,,114.0,,
D110E,-34.5086260762804,-42.76694361917271,-34.21042789184261,,-26.216414866292546,-29.19457757887588,-26.378056367844806,,-7.3045100600787265,-12.267606325078603,-7.294892164063427,,54.5086260762804,50.76694361917271,54.21042789184261,,46.216414866292546,46.19457757887588,46.378056367844806,,83.30451006007873,79.2676063250786,83.29489216406343,,20.0,8.0,20.0,,20.0,17.0,20.0,,76.0,67.0,76.0,
D110H,-35.519255724263495,-31.676347320561277,-35.22093053101387,,-26.216414866292546,-31.207331131965972,-26.378056367844806,,-11.344815379194955,-13.275362385142671,-11.334787819685232,,54.519255724263495,50.67634732056128,54.22093053101387,,46.216414866292546,46.20733113196597,46.378056367844806,,83.34481537919496,79.27536238514267,83.33478781968523,,19.0,19.0,19.0,,20.0,15.0,20.0,,72.0,66.0,72.0,
D1152H,-27.434218540398682,-27.643403211975297,-39.26294108769889,-66.88301451695358,-10.046250546270286,-12.086172377610097,-19.13722665428646,-44.08328880997135,-40.63702894278772,-35.445995706552026,-38.43575450948142,-51.20250677885933,54.43421854039868,50.6434032119753,54.26294108769889,70.88301451695358,46.04625054627029,46.0861723776101,46.30389332095313,52.08328880997135,83.63702894278772,79.44599570655203,83.60242117614808,91.20250677885933,27.0,23.0,15.0,4.0,36.0,34.0,27.166666666666668,8.0,43.0,44.0,45.166666666666664,40.0
D1270N,-30.466107484347987,-16.552806913363874,-23.09489886095882,,-33.2908617563023,-25.169070472695694,-26.378056367844806,,-29.526189315218062,-22.345166925719226,-25.97940957131422,,54.46610748434799,50.552806913363874,54.09489886095882,,46.2908617563023,46.169070472695694,46.378056367844806,,83.52618931521806,79.34516692571923,83.47940957131422,,24.0,34.0,31.0,,13.0,21.0,20.0,,54.0,57.0,57.5,
D443Y,,-17.56104294051037,,,,54.33469487436297,,,,-27.38394722603954,,,,50.56104294051037,,,,45.66530512563703,,,,79.38394722603954,,,,33.0,,,,100.0,,,,52.0,,
D513G,,,,,,,,,,-9.244338144886413,,,,,,,,,,,,79.24433814488641,,,,,,,,,,,,70.0,,
D579G,-26.42358889241558,-19.57751499480335,-33.19992525267136,-56.46647357516024,-13.078156356274455,-17.118056260335322,-22.841837205409334,-37.947377502547866,-10.334739049415901,-5.213313904630169,-6.789905207110706,-9.60721139842164,54.42358889241558,50.57751499480335,54.19992525267136,70.46647357516024,46.078156356274455,46.11805626033532,46.341837205409334,51.947377502547866,83.3347390494159,79.21331390463017,83.2899052071107,89.60721139842164,28.0,31.0,21.0,14.0,33.0,29.0,23.5,14.0,73.0,74.0,76.5,80.0
D614G,-24.402329596449384,-23.610459103389324,-24.105401500130085,,-35.31213229630508,-29.19457757887588,-35.47119135696459,,-23.465731336543698,-18.314142685462983,-23.45447478655059,,54.402329596449384,50.610459103389324,54.105401500130085,,46.31213229630508,46.19457757887588,46.47119135696459,,83.4657313365437,79.31414268546298,83.45447478655059,,30.0,27.0,30.0,,11.0,17.0,11.0,,60.0,61.0,60.0,
E1104X,0.5356176442283385,-0.995421861857011,5.070468222497141,1.6138016881476034,6.100021276120785,12.892975142589641,0.6810146995038622,-1.1910008297513244,-10.473194621432953,-4.880468004599209,-0.8107608809132074,10.929045481900005,99.46438235577166,88.99542186185701,94.92953177750286,98.3861983118524,56.899978723879215,47.10702485741036,55.81898530049614,51.191000829751324,103.47319462143295,102.88046800459921,104.31076088091321,103.0709545181,100.0,88.0,100.0,100.0,63.0,60.0,56.5,50.0,93.0,98.0,103.5,114.0
E116K,,16.71898198247043,,,,-21.1435633665155,,,,4.864246696010454,,,,50.28101801752957,,,,46.1435633665155,,,,79.13575330398955,,,,67.0,,,,25.0,,,,84.0,,
E1371X,3.0895639605405876,8.851177205545198,4.337088292197137,,12.652009162469156,6.752378785903588,12.84511956164772,,5.658143534658706,-1.6374799933188484,5.737678693399971,,96.91043603945941,80.1488227944548,95.66291170780286,,47.347990837530844,46.24762121409641,47.15488043835228,,101.3418564653413,103.63747999331885,101.26232130660003,,100.0,89.0,100.0,,60.0,53.0,60.0,,107.0,102.0,107.0,
E193X,0.02815459663329989,3.8669264241270724,0.03980824739750233,,13.06785929785147,-7.988505940023231,12.173940769693132,,8.373699795428479,-1.65852230747997,9.722460913831895,,99.9718454033667,89.13307357587293,99.9601917526025,,53.93214070214853,50.98850594002323,54.82605923030687,,102.62630020457152,100.65852230747997,101.2775390861681,,100.0,93.0,100.0,,67.0,43.0,67.0,,111.0,99.0,111.0,
E379X,,-20.81148399601021,,,,-1.168816218477545,,,,-32.91526368442297,,,,91.81148399601021,,,,51.168816218477545,,,,102.91526368442297,,,,71.0,,,,50.0,,,,70.0,,
E585X,0.766078177711691,1.741512976106236,5.560838798176931,,-1.5288324233040171,1.4292979527369738,0.2717573128853701,,5.440042693272943,8.64087431706568,7.938118198215989,,97.23392182228831,92.25848702389376,92.43916120182307,,52.52883242330402,49.570702047263026,50.72824268711463,,98.55995730672706,95.35912568293432,96.06188180178401,,98.0,94.0,98.0,,51.0,51.0,51.0,,104.0,104.0,104.0,
E588V,,-0.4210304790199686,,,,,,,,-2.1900457244379794,,,,50.42103047901997,,,,,,,,79.19004572443798,,,,50.0,,,,,,,,77.0,,
E60K,,-0.4210304790199686,,,,14.07962381256111,,,,11.918539116458888,,,,50.42103047901997,,,,45.92037618743889,,,,79.08146088354111,,,,50.0,,,,60.0,,,,91.0,,
E60X,2.212203717254738,2.0908748949640312,3.445804667431972,3.7837707415559834,3.060068907797792,4.924097801352495,7.16963953359695,5.793850738640778,1.687934686845864,3.854781293388669,-0.7695723934510994,7.88773750307125,96.78779628274526,89.90912510503597,96.30419533256803,96.21622925844402,51.93993109220221,51.075902198647505,53.23036046640305,51.20614926135922,104.31206531315414,99.14521870661133,103.7695723934511,95.11226249692875,99.0,92.0,99.75,100.0,55.0,56.0,60.4,57.0,106.0,103.0,103.0,103.0
E822X,15.623179259576418,11.382032898808433,15.134538066681273,,-2.7407530279684096,5.576696150449024,-2.4364655825228425,,19.109901339430905,20.51824371442862,19.07101411966957,,84.37682074042358,82.61796710119157,84.86546193331873,,52.74075302796841,48.423303849550976,52.43646558252284,,97.8900986605691,95.48175628557138,97.92898588033043,,100.0,94.0,100.0,,50.0,54.0,50.0,,117.0,116.0,117.0,
E831X,-65.21259978743471,-60.47473622038835,-65.21704276575394,,-39.81261380338927,-39.72492520836962,-39.2301519994519,,-25.479603992868462,-22.977894433005915,-25.479475294404537,,96.21259978743471,91.47473622038835,96.21704276575394,,54.81261380338927,48.72492520836962,54.2301519994519,,104.47960399286846,101.97789443300591,104.47947529440454,,31.0,31.0,31.0,,15.0,9.0,15.0,,79.0,79.0,79.0,
E92K,-4.189736636787352,-6.470446641898931,-3.8953487167050014,,-10.04625054627028,-0.009651059069533119,-18.295269710849446,-31.811466195124396,4.816405897269988,9.903026996330766,8.359703501471017,5.991024369242481,54.18973663678735,50.47044664189893,53.895348716705,,46.04625054627028,46.00965105906953,46.295269710849446,51.811466195124396,83.18359410273001,79.09697300366923,83.14029649852898,89.00897563075752,50.0,44.0,50.0,,36.0,46.0,28.0,20.0,88.0,89.0,91.5,95.0
E92X,3.983433291055647,-0.7493885108389122,4.61322905752823,,-26.77091953948844,-3.139095604755248,-28.116966085441206,,-2.502835211534773,-0.30785288760884555,-0.9758795039877981,,96.01656670894435,91.74938851083891,95.38677094247177,,53.77091953948844,51.13909560475525,55.116966085441206,,105.50283521153477,101.30785288760885,103.9758795039878,,100.0,91.0,100.0,,27.0,48.0,27.0,,103.0,101.0,103.0,
F1016S,,32.85075841681432,,,,-13.092549154155144,,,,19.98058759697139,,,,50.14924158318568,,,,46.092549154155144,,,,79.01941240302861,,,,83.0,,,,33.0,,,,99.0,,
F1052V,-36.529885372246596,-26.63516718482881,-36.23143317018512,,,,,,-34.57657096411336,-32.42272752635985,-34.564187839510524,,54.529885372246596,50.63516718482881,54.23143317018512,,,,,,83.57657096411336,79.42272752635985,83.56418783951052,,18.0,24.0,18.0,,,,,,49.0,47.0,49.0,
F1074L,,-30.668111293414782,,,-29.24832067629672,-33.220084685056065,-29.409101364218067,,-34.57657096411336,-34.43823964648797,-34.564187839510524,,,50.66811129341478,,,46.24832067629672,46.220084685056065,46.40910136421807,,83.57657096411336,79.43823964648797,83.56418783951052,,,20.0,,,17.0,13.0,17.0,,49.0,45.0,49.0,
F1099L,,-30.668111293414782,,,,,,,,-5.213313904630169,,,,50.66811129341478,,,,,,,,79.21331390463017,,,,20.0,,,,,,,,74.0,,
F191V,,-17.561042940510355,,,,-13.092549154155144,,,,-22.345166925719226,,,,50.561042940510355,,,,46.092549154155144,,,,79.34516692571923,,,,33.0,,,,33.0,,,,57.0,,
F311L,,-20.58575102194984,,,,4.015856047110653,,,,-1.1822896643739256,,,,50.58575102194984,,,,45.98414395288935,,,,79.18228966437393,,,,30.0,,,,50.0,,,,78.0,,
F312del,0.8636097148369046,-4.45492806186877,1.1576653125687741,,-19.148160335047955,-27.184087027228962,-19.31168928889837,,6.826358827416428,3.846595182249388,6.834533206501035,,54.136390285163095,50.45492806186877,53.842334687431226,,46.148160335047955,46.18408702722896,46.31168928889837,,83.17364117258357,79.15340481775061,83.16546679349896,,55.0,46.0,55.0,,27.0,19.0,27.0,,90.0,83.0,90.0,
F508del,44.320735062505726,37.89100877963905,21.282727940730283,31.03069228170986,14.202640782905341,10.051743501398413,4.198216886530766,9.09444078717248,18.947279690925455,18.962990381272064,9.6984328861096,13.267969831482432,53.679264937494274,50.10899122036095,53.633159909737,66.96930771829014,45.79735921709466,45.94825649860159,46.0710138827,50.90555921282752,83.05272030907454,79.03700961872794,83.13718355224657,88.73203016851757,98.0,88.0,74.91588785046729,98.0,60.0,56.0,50.26923076923077,60.0,102.0,98.0,92.83561643835617,102.0
F575Y,,6.636621711005489,,,,-13.092549154155144,,,,-33.43048358642392,,,,50.36337828899451,,,,46.092549154155144,,,,79.43048358642392,,,,57.0,,,,33.0,,,,46.0,,
G1061R,12.990967378925383,16.71898198247043,13.283196149206319,,12.187725393760338,9.047739929835878,12.015180252883155,,3.80632956749092,8.895270936266712,3.814820888896506,,54.00903262107462,50.28101801752957,53.71680385079368,,45.81227460623966,45.95226007016412,45.984819747116845,,83.19367043250908,79.10472906373329,83.1851791111035,,67.0,67.0,67.0,,58.0,55.0,58.0,,87.0,88.0,87.0,
G1069R,,16.71898198247043,,,,-33.220084685056065,,,,-23.35292298578328,,,,50.28101801752957,,,,46.220084685056065,,,,79.35292298578328,,,,67.0,,,,13.0,,,,56.0,,
G1244E,44.32048646640153,37.89193855254679,44.60877796351521,,-0.950533116257759,-3.0287813887046724,-1.1193480647343108,,20.97762717373496,18.97283153690732,20.984377425289125,,53.67951353359847,50.10806144745321,53.39122203648479,,45.95053311625776,46.02878138870467,46.11934806473431,,83.02237282626504,79.02716846309268,83.01562257471087,,98.0,88.0,98.0,,45.0,43.0,45.0,,104.0,98.0,104.0,
G1249R,,6.636621711005489,,,,-13.092549154155144,,,,6.879758816138576,,,,50.36337828899451,,,,46.092549154155144,,,,79.12024118386142,,,,57.0,,,,33.0,,,,86.0,,
G126D,-29.455477836364878,-23.610459103389324,-29.15791469598635,,,,,,12.897016535502473,10.910783056394834,12.904586114045543,,54.45547783636488,50.610459103389324,54.15791469598635,,,,,,83.10298346449753,79.08921694360517,83.09541388595446,,25.0,27.0,25.0,,,,,,96.0,90.0,96.0,
G1349D,32.19293069060431,22.768398145349387,32.48274629346015,,29.368524983784,8.041363153290831,29.19110189899829,,35.118695790641794,34.08917243786826,35.124012219965394,,53.80706930939569,50.23160185465061,53.51725370653985,,45.631475016216,45.95863684670917,45.80889810100171,,82.8813042093582,78.91082756213174,82.8759877800346,,86.0,73.0,86.0,,75.0,54.0,75.0,,118.0,113.0,118.0,
G178R,21.076004562790196,24.78487019964237,21.367217262576354,,21.283442823772866,16.09237736565121,21.10831524200293,,19.967550843955905,21.99609971709951,19.97440351138367,,53.923995437209804,50.21512980035763,53.632782737423646,,45.716557176227134,45.90762263434879,45.89168475799707,,83.0324491560441,79.00390028290049,83.02559648861633,,75.0,75.0,75.0,,67.0,62.0,67.0,,103.0,101.0,103.0,
G27X,,1.4260170422386835,,,,-18.502300823031355,,,,-4.602297522890538,,,,87.57398295776132,,,,51.502300823031355,,,,97.60229752289054,,,,89.0,,,,33.0,,,,93.0,,
G330X,0.9267090827661661,-4.634459462190193,1.0154969952860426,,16.82481495353322,9.582138448299943,17.706660912460833,,6.035294591763318,3.489583082044561,6.009010571232807,,99.07329091723383,95.6344594621902,98.98450300471396,,56.17518504646678,50.41786155170006,55.29333908753917,,101.96470540823668,102.51041691795544,101.9909894287672,,100.0,91.0,100.0,,73.0,60.0,73.0,,108.0,106.0,108.0,
G542X,0.07383604174231095,-2.3141106592877776,-20.87263305334102,-4.931614984696552,4.248378379759281,4.273169314243155,1.156583855395013,-10.487357829766204,3.9168228493988835,-1.9090968428648694,-5.584531637467833,1.6268457291987772,97.92616395825769,92.31411065928778,96.53929972000769,99.93161498469655,52.75162162024072,49.726830685756845,51.139712440901285,51.487357829766204,99.08317715060112,99.90909684286487,98.47738878032497,99.37315427080122,98.0,90.0,75.66666666666667,95.0,57.0,54.0,52.2962962962963,41.0,103.0,98.0,92.89285714285714,101.0
G550X,2.830257044827775,9.125327364803496,9.506204787177282,,-3.03111144367589,0.2686165292770113,-1.1278003989635081,,-10.78285673678677,-9.061370274784338,-7.657488444118783,,97.16974295517223,90.8746726351965,90.49379521282272,,53.03111144367589,49.73138347072299,51.12780039896351,,101.78285673678677,100.06137027478434,98.65748844411878,,100.0,100.0,100.0,,50.0,50.0,50.0,,91.0,91.0,91.0,
G551D,42.29922717043532,39.90841060683978,26.052274953279444,27.90750805336586,15.219631203764521,13.073247036016063,11.534061999490575,15.230520495122292,20.97762717373496,21.99609971709951,13.776836312418425,16.3898482143519,53.70077282956468,50.09158939316022,53.5840886830842,67.09249194663414,45.78036879623548,45.92675296398394,45.98974752431895,50.76947950487771,83.02237282626504,79.00390028290049,83.08680005121793,88.6101517856481,96.0,90.0,79.63636363636364,95.0,61.0,59.0,57.523809523809526,66.0,104.0,101.0,96.86363636363636,105.0
G551S,-14.296033116618368,-14.536334859070884,-14.000375108417536,,17.240901743767303,9.047739929835878,17.066921913505247,,2.7962532377118663,-2.1900457244379794,2.804846974991051,,54.29603311661837,50.536334859070884,54.000375108417536,,45.7590982562327,45.95226007016412,45.93307808649475,,83.20374676228813,79.19004572443798,83.19515302500895,,40.0,36.0,40.0,,63.0,55.0,63.0,,86.0,77.0,86.0,
G622D,,-25.626931157682307,,,,-33.220084685056065,,,,-27.38394722603954,,,,50.62693115768231,,,,46.220084685056065,,,,79.38394722603954,,,,25.0,,,,13.0,,,,52.0,,
G628R,-21.370440652500072,-14.536334859070884,-21.073893582616314,,-13.078156356274455,-19.130809813425415,-13.243528050227347,,11.88694020572342,16.9573194167792,11.894612200140088,,54.37044065250007,50.536334859070884,54.073893582616314,,46.078156356274455,46.130809813425415,46.24352805022735,,83.11305979427658,79.0426805832208,83.10538779985991,,33.0,36.0,33.0,,33.0,27.0,33.0,,95.0,96.0,95.0,
G673X,-7.063498305593242,2.0908748949640454,-6.601880278560614,,19.947862979523066,20.156382850927606,18.294699922147103,,6.272785267122103,11.654487803833547,7.243711280708013,,98.06349830559324,89.90912510503595,97.60188027856061,,51.052137020476934,50.843617149072394,52.7053000778529,,103.7272147328779,98.34551219616645,102.75628871929199,,91.0,92.0,91.0,,71.0,71.0,71.0,,110.0,110.0,110.0,
G85E,31.182301042621212,27.809578281081855,33.4932489326314,21.65758348828986,9.155819583756163,7.034986376745799,13.02552858500757,-1.1319096580069967,15.927245524839662,16.9573194167792,18.098737671273554,11.190436291797198,53.81769895737879,50.190421718918145,53.5067510673686,67.34241651171014,45.84418041624384,45.9650136232542,45.97447141499243,51.131909658007,83.07275447516034,79.0426805832208,83.04411947158358,88.8095637082028,85.0,78.0,87.0,89.0,55.0,53.0,59.0,50.0,99.0,96.0,101.14285714285714,100.0
G970D,-43.60429290812831,-40.75047156487972,-43.304951644383905,,-8.02498000626749,-2.0224046121596118,-8.191786389605248,,8.85671121638623,14.941807296651092,8.864690458423738,,54.60429290812831,50.75047156487972,54.304951644383905,,46.02498000626749,46.02240461215961,46.19178638960525,,83.14328878361377,79.05819270334891,83.13530954157626,,11.0,10.0,11.0,,38.0,44.0,38.0,,92.0,94.0,92.0,
G970R,46.34174576236773,32.85075841681432,46.629783241857716,,25.325983903778436,10.054116706380938,25.149708570500614,,17.947398184397784,21.996099717099526,17.954455683572775,,53.65825423763227,50.14924158318568,53.370216758142284,,45.674016096221564,45.94588329361906,45.850291429499386,,83.05260181560222,79.00390028290047,83.04554431642723,,100.0,83.0,100.0,,71.0,56.0,71.0,,101.0,101.0,101.0,
H1054D,8.948448786992977,-8.486918696191921,9.241185592521312,,11.177090123758944,-2.0224046121596118,11.004831920758726,,-3.2642047409624837,3.8564906359464004,-3.2549965084416215,,54.05155121300702,50.48691869619192,53.75881440747869,,45.822909876241056,46.02240461215961,45.995168079241274,,83.26420474096248,79.1435093640536,83.25499650844162,,63.0,42.0,63.0,,57.0,44.0,57.0,,80.0,83.0,80.0,
H1375P,,-7.478682669045426,,,,-6.047911718339805,,,,7.887514876202658,,,,50.478682669045426,,,,46.047911718339805,,,,79.11248512379734,,,,43.0,,,,40.0,,,,87.0,,
H139R,,6.636621711005489,,,,54.33469487436298,,,,24.011611837227647,,,,50.36337828899451,,,,45.66530512563702,,,,78.98838816277235,,,,57.0,,,,100.0,,,,103.0,,
H199Y,38.25670857850292,44.94959074257225,38.54576212848768,,-26.216414866292546,-5.041534941794758,-26.378056367844806,,21.987703503514027,18.97283153690735,21.99435133919455,,53.74329142149708,50.05040925742775,53.45423787151232,,46.216414866292546,46.04153494179476,46.378056367844806,,83.01229649648597,79.02716846309265,83.00564866080545,,92.0,95.0,92.0,,20.0,41.0,20.0,,105.0,98.0,105.0,
H609R,,-17.56104294051037,,,,4.015856047110667,,,,3.8564906359464004,,,,50.56104294051037,,,,45.98414395288933,,,,79.1435093640536,,,,33.0,,,,50.0,,,,83.0,,
I1234V,8.948448786992977,-10.503390750484904,-9.958364551732508,,4.102643233749198,-11.079795601065037,-6.676263891418614,,18.95747451417685,13.934051236587024,13.914560027950998,,54.05155121300702,50.503390750484904,53.95836455173251,,45.8973567662508,46.07979560106504,46.176263891418614,,83.04252548582315,79.06594876341298,83.085439972049,,63.0,40.0,44.0,,50.0,35.0,39.5,,102.0,93.0,97.0,
I1269N,-4.189736636787352,7.644857738151977,-3.8953487167049943,,54.6344067338188,54.33469487436298,54.44981020210879,,8.85671121638623,14.941807296651092,8.864690458423738,,54.18973663678735,50.35514226184802,53.895348716704994,,45.3655932661812,45.66530512563702,45.55018979789121,,83.14328878361377,79.05819270334891,83.13530954157626,,50.0,58.0,50.0,,100.0,100.0,100.0,,92.0,94.0,92.0,
I336K,-23.391699948466275,-19.57751499480336,-23.09489886095882,,-3.9824389262619277,-5.041534941794758,-4.150393061107572,,18.95747451417685,23.00385577716358,18.96442959747823,,54.391699948466275,50.57751499480336,54.09489886095882,,45.98243892626193,46.04153494179476,46.15039306110757,,83.04252548582315,78.99614422283642,83.03557040252177,,31.0,31.0,31.0,,42.0,41.0,42.0,,102.0,102.0,102.0,
I502T,-21.370440652500072,-28.651639239121792,-21.073893582616307,,21.283442823772866,17.098754142196263,21.10831524200293,,18.95747451417685,19.980587596971404,18.96442959747823,,54.37044065250007,50.65163923912179,54.07389358261631,,45.716557176227134,45.90124585780374,45.89168475799707,,83.04252548582315,79.0194124030286,83.03557040252177,,33.0,22.0,33.0,,67.0,63.0,67.0,,102.0,99.0,102.0,
I507del,44.320735062505726,38.899245371103525,32.48325552261652,33.11400652301346,20.2664228043514,13.070864895611436,8.111908469453454,8.071789752713116,17.9372029522997,17.9552307013372,16.501429916622087,21.587015570542746,53.679264937494274,50.100754628896475,53.51674447738348,66.88599347698654,45.7335771956486,45.929135104388564,46.03094867340369,50.928210247286884,83.0627970477003,79.0447692986628,83.06999865480648,88.41298442945725,98.0,89.0,86.0,100.0,66.0,59.0,54.142857142857146,59.0,101.0,97.0,99.57142857142857,110.0
K710X,-2.8836825351533975,-3.5226478085043738,-4.2061376116565015,,4.063634242287947,12.092151995726013,5.063115803323683,,-3.6368370871123545,-2.7700893076993083,-4.263832177369636,,92.8836825351534,88.52264780850437,94.2061376116565,,51.93636575771205,48.90784800427399,50.93688419667632,,100.63683708711235,98.77008930769931,101.26383217736964,,90.0,85.0,90.0,,56.0,61.0,56.0,,97.0,96.0,97.0,
L1065P,18.04411561884089,16.718981982470424,18.335709345062597,,-17.12069743628001,-7.054288494884851,-17.284921378725024,,22.99777983329308,20.988343657035458,23.00432525310002,,53.95588438115911,50.281018017529576,53.6642906549374,,46.12069743628001,46.05428849488485,46.28492137872502,,83.00222016670692,79.01165634296454,82.99567474689998,,72.0,67.0,72.0,,29.0,39.0,29.0,,106.0,100.0,106.0,
L1077P,44.320486466401526,34.867230471107305,44.60877796351521,,7.134549043753388,-5.041534941794758,6.963438592261049,,17.947398184397784,19.980587596971404,17.954455683572775,,53.679513533598474,50.132769528892695,53.39122203648479,,45.86545095624661,46.04153494179476,46.03656140773895,,83.05260181560222,79.0194124030286,83.04554431642723,,98.0,85.0,98.0,,53.0,41.0,53.0,,101.0,99.0,101.0,
L1254X,5.675423505708352,2.9933787103929177,9.575539648994067,,7.940061524313329,8.408846807622105,10.509912699925998,,4.634735952357289,9.076090669720472,5.563812281288634,,94.32457649429165,89.00662128960708,90.42446035100593,,53.05993847568667,46.591153192377895,50.490087300074,,102.36526404764271,97.92390933027953,101.43618771871137,,100.0,92.0,100.0,,61.0,55.0,61.0,,107.0,107.0,107.0,
L1335P,0.8634116031281707,10.669565819591462,1.1571644791512767,,-1.9611683862591391,-6.047911718339805,-2.1296963968587264,,-5.284357400520605,2.8487345758823324,-5.274944336252531,,54.13658839687183,50.33043418040854,53.84283552084872,,45.96116838625914,46.047911718339805,46.129696396858726,,83.2843574005206,79.15126542411767,83.27494433625253,,55.0,61.0,55.0,,44.0,40.0,44.0,,78.0,82.0,78.0,
L138ins,-18.339058259017712,-8.486104771047557,-18.043176444643535,,-24.189081992359604,-26.173185513015767,-24.351389038791773,,-3.2545854881153105,2.8580457645160777,-3.245354471902374,,54.33905825901771,50.48610477104756,54.043176444643535,,46.189081992359604,46.17318551301577,46.35138903879177,,83.25458548811531,79.14195423548392,83.24535447190237,,36.0,42.0,36.0,,22.0,20.0,22.0,,80.0,82.0,80.0,
L165S,-14.296033116618368,-17.56104294051037,-14.000375108417536,,36.44297187379375,33.200782566917006,36.26354022386923,,2.7962532377118663,11.918539116458916,2.804846974991051,,54.29603311661837,50.56104294051037,54.000375108417536,,45.55702812620625,45.799217433082994,45.73645977613077,,83.20374676228813,79.08146088354108,83.19515302500895,,40.0,33.0,40.0,,82.0,79.0,82.0,,86.0,91.0,86.0,
L206W,-31.47673713233109,-30.668111293414782,-34.21042789184261,,-24.195144326289757,-26.175447249240726,-23.347011371471545,,-16.39519702809025,-11.259850265014535,-6.537411728634325,,54.47673713233109,50.66811129341478,54.21042789184261,,46.19514432628976,46.175447249240726,46.347011371471545,,83.39519702809025,79.25985026501453,83.28741172863432,,23.0,20.0,20.0,,22.0,20.0,23.0,,67.0,68.0,76.75,
L218X,,8.002588534991062,0.15623301075713414,2.53153771772989,,24.482937878934663,11.80052066455034,16.058126698525456,,2.1337129226542118,-9.22812431979635,-0.25255339690845346,,91.99741146500894,99.84376698924287,97.46846228227011,,50.51706212106534,55.19947933544966,50.941873301474544,,98.86628707734579,105.22812431979635,96.25255339690845,,100.0,100.0,100.0,,75.0,67.0,67.0,,101.0,96.0,96.0
L227R,46.34174576236773,38.90017457969329,46.629783241857716,33.11577852426255,-2.9718036562605334,-4.035158165249712,3.427219429825584,5.00400164941648,22.99777983329308,20.988343657035458,22.4993382961473,16.3898482143519,53.65825423763227,50.09982542030671,53.370216758142284,66.88422147573745,45.97180365626053,46.03515816524971,46.072780570174416,50.99599835058352,83.00222016670692,79.01165634296454,83.0006617038527,88.6101517856481,100.0,89.0,100.0,100.0,43.0,42.0,49.5,56.0,106.0,100.0,105.5,105.0
L346P,,-7.478682669045426,,,,,,,,-3.1978017845020332,,,,50.478682669045426,,,,,,,,79.19780178450203,,,,43.0,,,,,,,,76.0,,
L467P,46.34174576236773,46.96606279686523,46.629783241857716,,0.06010215374364236,3.0094792705656204,-0.10899973260988816,,13.907092865281555,18.97283153690735,13.914560027950998,,53.65825423763227,50.03393720313477,53.370216758142284,,45.93989784625636,45.99052072943438,46.10899973260989,,83.09290713471844,79.02716846309265,83.085439972049,,100.0,97.0,100.0,,46.0,49.0,46.0,,97.0,98.0,97.0,
L558S,46.34174576236773,43.94135471542576,46.629783241857716,,42.506783493802104,17.098754142196263,42.32563021661575,,18.95747451417685,20.988343657035458,18.96442959747823,,53.65825423763227,50.05864528457424,53.370216758142284,,45.493216506197896,45.90124585780374,45.67436978338425,,83.04252548582315,79.01165634296454,83.03557040252177,,100.0,94.0,100.0,,88.0,63.0,88.0,,102.0,100.0,102.0,
L732X,4.05633507944313,11.0661158169179,3.508954428684305,0.8759344214701912,24.003629516662457,4.130834852108585,11.64119351088263,-1.2498255190316954,-3.5980075652603176,-4.603503454600954,-4.487330671388364,-5.512270564646315,95.94366492055687,88.9338841830821,96.4910455713157,99.12406557852981,50.99637048333754,48.869165147891415,50.85880648911737,51.249825519031695,101.59800756526032,100.60350345460095,101.98733067138836,102.51227056464631,100.0,100.0,100.0,100.0,75.0,53.0,62.5,50.0,98.0,96.0,97.5,97.0
L88X,,9.006742196262422,,,,,,,,-7.702047681179209,,,,90.99325780373758,,,,,,,,101.70204768117921,,,,100.0,,,,,,,,94.0,,
L927P,46.34174576236773,43.94135471542575,46.629783241857716,,-7.0143447362661036,-10.07341882451999,-7.181438057480825,,27.038085152409323,31.06590425767608,27.044220908721826,,53.65825423763227,50.05864528457425,53.370216758142284,,46.0143447362661,46.07341882451999,46.181438057480825,,82.96191484759068,78.93409574232392,82.95577909127817,,100.0,94.0,100.0,,39.0,36.0,39.0,,110.0,110.0,110.0,
L967S,,-32.68458334770777,,,-26.21641486629254,-31.207331131965965,-26.378056367844806,,-44.677334261903965,-37.46150782668015,-44.663926978565,,,50.68458334770777,,,46.21641486629254,46.207331131965965,46.378056367844806,,83.67733426190397,79.46150782668015,83.663926978565,,,18.0,,,20.0,15.0,20.0,,39.0,42.0,39.0,
M1101K,17.033485970857782,17.727218009616912,16.819955386305715,1.866155698882494,21.283442823772873,14.079623812561124,18.58244441169188,11.139912956839957,24.007856163072134,28.04263607748389,27.044220908721826,24.708907290439456,53.96651402914222,50.27278199038309,53.680044613694285,68.1338443011175,45.71655717622713,45.920376187438876,45.91755558830812,50.86008704316004,82.99214383692787,78.95736392251611,82.95577909127817,88.29109270956054,71.0,68.0,70.5,70.0,67.0,60.0,64.5,62.0,107.0,107.0,110.0,113.0
M1V,34.21418998657051,25.793106226788865,34.50375157180267,,-15.09942689627723,-13.092549154155122,-15.264224714476185,,24.007856163072134,27.034880017419837,24.014299167005476,,53.78581001342949,50.206893773211135,53.49624842819733,,46.09942689627723,46.09254915415512,46.264224714476185,,82.99214383692787,78.96511998258016,82.98570083299452,,88.0,76.0,88.0,,31.0,33.0,31.0,,107.0,106.0,107.0,
M265R,29.16104174665501,32.850758416814315,29.451238375946403,,-21.163238516285574,-21.143563366515494,-21.326314707222707,,-27.50603665565994,-30.407215406231714,-27.494370442172382,,53.83895825334499,50.149241583185685,53.5487616240536,,46.163238516285574,46.143563366515494,46.32631470722271,,83.50603665565994,79.40721540623171,83.49437044217238,,83.0,83.0,83.0,,25.0,25.0,25.0,,56.0,49.0,56.0,
N1303K,44.320486466401526,39.90841060683977,27.379707965645323,29.99081624172453,9.155819583756177,5.022232823655713,-0.7152087318845446,7.049305418557644,20.97762717373496,20.988343657035458,8.864690458423752,15.349965829840968,53.679513533598474,50.09158939316023,53.57029203435468,67.00918375827547,45.84418041624382,45.97776717634429,46.11520873188454,50.950694581442356,83.02237282626504,79.01165634296454,83.13530954157625,88.65003417015903,98.0,90.0,80.95,97.0,55.0,51.0,45.4,58.0,104.0,100.0,92.0,104.0
P205S,-44.61492255611141,-32.68458334770777,-44.315454283555155,,1.0707374237450438,4.015856047110667,0.9013485995145416,,1.7861769079328127,4.864246696010483,1.7948730610856245,,54.61492255611141,50.68458334770777,54.315454283555155,,45.929262576254956,45.98414395288933,46.09865140048546,,83.21382309206719,79.13575330398952,83.20512693891438,,10.0,18.0,10.0,,47.0,50.0,47.0,,85.0,84.0,85.0,
P574H,-17.32792206056766,-9.495154723338423,-17.031883025931293,,17.24090174376731,13.073247036016078,17.066921913505247,,-6.294433730299659,-0.17453360430984333,-6.284918250157972,,54.32792206056766,50.49515472333842,54.03188302593129,,45.75909825623269,45.92675296398392,45.93307808649475,,83.29443373029966,79.17453360430984,83.28491825015797,,37.0,41.0,37.0,,63.0,59.0,63.0,,77.0,79.0,77.0,
P5L,-46.6361818520776,-41.75870759202622,-40.273443726870134,,-42.38657918631482,-44.29022922705156,-42.543629681835526,,-17.405273357869333,-11.259850265014535,-13.859722604448848,,54.6361818520776,50.75870759202622,54.273443726870134,,46.38657918631482,46.29022922705156,46.543629681835526,,83.40527335786933,79.25985026501453,83.35972260444885,,8.0,9.0,14.0,,4.0,2.0,4.0,,66.0,68.0,69.5,
P67L,-21.370440652500072,-17.561042940510376,-15.347711960645874,-18.966926184704178,-0.9505331162577377,0.9967257174755275,-11.89639694072811,-26.698206772271497,-23.465731336543698,-20.329654805591076,-21.771184930041507,-26.245329550596722,54.37044065250007,50.561042940510376,54.01437862731254,68.96692618470418,45.95053311625774,46.00327428252447,46.229730274061446,51.6982067722715,83.4657313365437,79.32965480559108,83.43785159670817,90.24532955059672,33.0,33.0,38.666666666666664,50.0,45.0,47.0,34.333333333333336,25.0,60.0,59.0,61.666666666666664,64.0
P750L,-11.264144172669056,-27.64340321197531,-10.968867190903765,,,-35.232838238146144,,,-36.596723623671465,-30.407215406231714,-36.584135667321405,,54.264144172669056,50.64340321197531,53.968867190903765,,,46.232838238146144,,,83.59672362367147,79.40721540623171,83.5841356673214,,43.0,23.0,43.0,,,11.0,,,47.0,49.0,47.0,
P99L,-25.412959244432464,-21.59398704909634,-25.11590413930133,,-6.003709466264702,-6.047911718339805,-6.17108972535641,,3.80632956749092,7.887514876202658,3.814820888896506,,54.412959244432464,50.59398704909634,54.11590413930133,,46.0037094662647,46.047911718339805,46.17108972535641,,83.19367043250908,79.11248512379734,83.1851791111035,,29.0,29.0,29.0,,40.0,40.0,40.0,,87.0,87.0,87.0,
Q1291H,-41.583033612162104,-32.68458334770777,-41.283946366041384,,10.166454853757564,25.14976835455664,9.994483588634317,,-21.44557867698559,-21.337410865655144,-21.43452695873968,,54.583033612162104,50.68458334770777,54.283946366041384,,45.833545146242436,45.85023164544336,46.00551641136568,,83.44557867698559,79.33741086565514,83.43452695873968,,13.0,18.0,13.0,,56.0,71.0,56.0,,62.0,58.0,62.0,
Q1291R,,,,,,-21.143563366515494,,,-32.55641830455524,-22.345166925719198,-32.544240011699614,,,,,,,46.143563366515494,,,83.55641830455524,79.3451669257192,83.54424001169961,,,,,,,25.0,,,51.0,57.0,51.0,
Q1313X,0.8292626171939617,-7.071281476231604,7.012292398865739,,0.15270689647798008,9.601980100276357,1.3409833304726249,,-3.8156578075229532,-10.925091568261294,-1.9669361757168673,,99.17073738280604,90.0712814762316,92.98770760113426,,49.84729310352202,46.39801989972364,48.659016669527375,,99.81565780752295,103.9250915682613,97.96693617571687,,100.0,83.0,100.0,,50.0,56.0,50.0,,96.0,93.0,96.0,
Q1411X,,11.597098758620085,,,,20.947632514415055,,,,10.069532599764543,,,,55.402901241379915,,,,46.052367485584945,,,,95.93046740023546,,,,67.0,,,,67.0,,,,106.0,,
Q1476X,-40.57935182277409,-36.72705156657152,-40.27774129711975,,,-38.263164819063796,,,-24.53674264874215,-16.358654521196257,-24.525167919673166,,54.57935182277409,50.72705156657152,54.27774129711975,,,46.263164819063796,,,83.53674264874215,79.35865452119626,83.52516791967317,,14.0,14.0,14.0,,,8.0,,,59.0,63.0,59.0,
Q220X,0.2579379075909145,3.779751728480747,0.20193873726221057,,-2.466224978205915,-5.895974119855168,-2.84327671415452,,-2.2714755785860206,-2.37501579112282,2.356299311414361,,99.74206209240909,93.22024827151925,99.79806126273779,,55.466224978205915,50.89597411985517,55.84327671415452,,106.27147557858602,100.37501579112282,101.64370068858564,,100.0,97.0,100.0,,53.0,45.0,53.0,,104.0,98.0,104.0,
Q39X,2.542290515836399,2.822750690279861,2.7189508044084363,,-12.666154008971333,-17.46106605751006,-14.120087359784904,,-0.46290036270416124,4.324552296289468,0.13801892637860647,,97.4577094841636,88.17724930972014,97.28104919559156,,52.66615400897133,51.46106605751006,54.120087359784904,,102.46290036270416,97.67544770371053,101.8619810736214,,100.0,91.0,100.0,,40.0,34.0,40.0,,102.0,102.0,102.0,
Q493X,-0.6532494625163707,-0.10414239071901932,-10.025318812562148,1.5939191838224787,9.513057983269661,12.154723862988234,-1.2548780120503338,-26.86350440049319,1.9126519269889428,-4.08190965852009,-3.4646604951407625,-0.12662578109610934,98.65324946251637,93.10414239071902,97.62531881256214,98.40608081617752,53.48694201673034,49.845276137011766,52.254878012050334,51.86350440049319,102.08734807301106,105.08190965852009,102.06466049514076,100.12662578109611,98.0,93.0,87.6,100.0,63.0,62.0,51.0,25.0,104.0,101.0,98.6,100.0
Q525X,,9.059390354136085,,,,-6.903887213990842,,,,2.123160920035019,,,,90.94060964586392,,,,49.90388721399084,,,,101.87683907996498,,,,100.0,,,,43.0,,,,104.0,,
Q552X,-3.4696342121737445,-1.3746693863232338,3.1981252129623954,,-15.709725209620025,-7.798956580586079,-13.669751286001812,,-2.003632385712166,-7.662676455046366,1.107551732055697,,98.46963421217374,92.37466938632323,91.8018747870376,,53.709725209620025,49.79895658058608,51.66975128600181,,100.00363238571217,99.66267645504637,96.8924482679443,,95.0,91.0,95.0,,38.0,42.0,38.0,,98.0,92.0,98.0,
Q890X,6.47975508647319,5.601820303901974,6.8945137089611706,,6.776784677916389,6.912310954960823,6.982490819652881,,5.175360836640735,4.644878031060884,5.215731984521668,,93.52024491352681,89.39817969609803,93.10548629103883,,53.22321532208361,48.08768904503918,53.01750918034712,,104.82463916335927,98.35512196893912,104.78426801547833,,100.0,95.0,100.0,,60.0,55.0,60.0,,110.0,103.0,110.0,
Q98R,-29.455477836364878,-17.561042940510376,-29.157914695986342,,4.102643233749205,12.066870259471031,3.9323935958877954,,-4.2742810707415515,-2.190045724437951,-4.264970422347062,,54.45547783636488,50.561042940510376,54.15791469598634,,45.897356766250795,45.93312974052897,46.067606404112205,,83.27428107074155,79.19004572443795,83.26497042234706,,25.0,33.0,25.0,,50.0,58.0,50.0,,79.0,77.0,79.0,
Q98X,4.143629683886687,8.99393188248169,4.734053631473401,3.5333171838939847,28.836836396811663,24.270243371044657,37.66221988551648,49.82393270973964,0.6941314285392082,1.536258006713993,-6.632493500768149,-8.122419333941437,95.85637031611331,91.00606811751831,95.2659463685266,96.46668281610602,51.16316360318834,50.72975662895534,52.33778011448352,50.17606729026036,105.30586857146079,101.463741993286,104.63249350076815,98.12241933394144,100.0,100.0,100.0,100.0,80.0,75.0,90.0,100.0,106.0,103.0,98.0,90.0
R1066C,43.30985681841843,43.94135471542575,45.61928060268646,33.11577852426255,10.166454853757564,6.0286096002007525,2.585262486388558,-1.1319096580069967,21.987703503514027,23.00385577716358,17.954455683572775,10.150553907286252,53.69014318158157,50.05864528457425,53.38071939731354,66.88422147573745,45.833545146242436,45.97139039979925,46.081404180278106,51.131909658007,83.01229649648597,78.99614422283642,83.04554431642723,88.84944609271375,97.0,94.0,99.0,100.0,56.0,52.0,48.666666666666664,50.0,105.0,102.0,101.0,99.0
R1066H,-23.391699948466275,-20.585751021949847,-23.09489886095882,,-8.024980006267484,-7.054288494884851,-8.191786389605248,,-2.25412841118343,2.8487345758823324,-2.2450225945361666,,54.391699948466275,50.58575102194985,54.09489886095882,,46.024980006267484,46.05428849488485,46.19178638960525,,83.25412841118343,79.15126542411767,83.24502259453617,,31.0,30.0,31.0,,38.0,39.0,38.0,,81.0,82.0,81.0,
R1070Q,32.19293069060432,24.784870199642363,32.48274629346016,,23.304713363775654,15.08600058910617,23.12901190625177,,6.836558556828095,11.918539116458916,6.844742630612856,,53.80706930939568,50.21512980035764,53.51725370653984,,45.695286636224346,45.91399941089383,45.87098809374823,,83.1634414431719,79.08146088354108,83.15525736938714,,86.0,75.0,86.0,,69.0,61.0,69.0,,90.0,91.0,90.0,
R1070W,-18.33855170855076,-16.552806913363874,-18.042385665102543,,-25.205779596291137,-27.181824025785772,-25.36770803572039,,-33.56649463433429,-30.407215406231714,-33.55421392560508,,54.33855170855076,50.552806913363874,54.04238566510254,,46.20577959629114,46.18182402578577,46.36770803572039,,83.56649463433429,79.40721540623171,83.55421392560508,,36.0,34.0,36.0,,21.0,19.0,21.0,,50.0,49.0,50.0,
R1158X,1.270769215798012,7.566904496055187,13.615348833984612,1.7886441579298378,-5.5349286381236595,6.057477743670987,-12.728334636682398,-18.565091383369676,-0.13959950400712273,2.023722589627141,4.884596928024635,3.5125506839116554,98.72923078420199,81.43309550394481,86.38465116601539,98.21135584207016,57.53492863812366,46.94252225632901,55.2283346366824,51.565091383369676,103.13959950400712,97.97627741037286,100.61540307197536,104.48744931608834,100.0,89.0,100.0,100.0,52.0,53.0,42.5,33.0,103.0,100.0,105.5,108.0
R1162X,-1.7712113660786883,5.9806861472007995,-20.85065412408379,-4.840800233016225,-9.756673901119036,-1.97809937738959,-12.577220660768724,-4.2494836247197725,-0.3520150098934067,2.2249591755745683,-7.2255358451899525,-4.044833546189679,99.77121136607869,82.0193138527992,97.42208269551236,99.84080023301622,57.756673901119036,46.97809937738959,55.077220660768724,51.24948362471977,103.3520150098934,97.77504082442543,104.36839298804709,106.04483354618968,98.0,88.0,76.57142857142857,95.0,48.0,45.0,42.5,47.0,103.0,100.0,97.14285714285714,102.0
R117C,-30.466107484347987,-26.63516718482881,-34.88409631795679,-56.46647357516022,-32.2802264863009,-30.20095435542092,-28.73553580946845,-37.94737750254787,-19.42542601742747,-15.290874505270764,-28.16768638477601,-37.68403578021709,54.46610748434799,50.63516718482881,54.21742965129012,70.46647357516022,46.2802264863009,46.20095435542092,46.402202476135116,51.94737750254787,83.42542601742747,79.29087450527076,83.50101971810935,90.68403578021709,24.0,24.0,19.333333333333332,14.0,14.0,16.0,17.666666666666668,14.0,64.0,64.0,55.333333333333336,53.0
R117G,-40.572403964178996,-37.72576348344024,-40.27344372687014,,,,,,-33.56649463433429,-33.43048358642389,-33.55421392560507,,54.572403964178996,50.72576348344024,54.27344372687014,,,,,,83.56649463433429,79.43048358642389,83.55421392560507,,14.0,13.0,14.0,,,,,,50.0,46.0,50.0,
R117H,-32.48736678031419,-27.64340321197531,-21.61801038832391,-47.091586727546215,-19.1419679762828,-19.1308098134254,-10.633461525572592,-34.87942184883613,-25.48588399610182,-21.337410865655144,-22.30021888494435,-49.12274200983745,54.48736678031419,50.64340321197531,54.07954884986237,70.09158672754621,46.1419679762828,46.1308098134254,46.21679485890593,51.87942184883613,83.48588399610182,79.33741086565514,83.4430760278015,91.12274200983745,22.0,23.0,32.46153846153846,23.0,27.0,27.0,35.583333333333336,17.0,58.0,58.0,61.142857142857146,42.0
R117L,,-37.72576348344024,,,,4.015856047110667,,,,-0.17453360430984333,,,,50.72576348344024,,,,45.98414395288933,,,,79.17453360430984,,,,13.0,,,,50.0,,,,79.0,,
R1283M,-25.41295924443248,-21.59398704909634,-25.11590413930133,,14.20899593376312,14.079623812561124,14.035876917131993,,-5.284357400520605,-1.1822896643738972,-5.274944336252517,,54.41295924443248,50.59398704909634,54.11590413930133,,45.79100406623688,45.920376187438876,45.96412308286801,,83.2843574005206,79.1822896643739,83.27494433625252,,29.0,29.0,29.0,,60.0,60.0,60.0,,78.0,78.0,78.0,
R31L,,,,,,-29.194577578875872,,,,-42.50028812700046,,,,,,,,46.19457757887587,,,,79.50028812700046,,,,,,,,17.0,,,,37.0,,
R334L,-41.583033612162104,-43.77517964631921,-41.2839463660414,,-29.24832067629673,-35.23283823814615,-29.409101364218067,,-3.2642047409624837,-10.252094204950467,-3.2549965084416215,,54.583033612162104,50.77517964631921,54.2839463660414,,46.24832067629673,46.23283823814615,46.40910136421807,,83.26420474096248,79.25209420495047,83.25499650844162,,13.0,7.0,13.0,,17.0,11.0,17.0,,80.0,69.0,80.0,
R334Q,,,,,,,,,,-23.35292298578328,,,,,,,,,,,,79.35292298578328,,,,,,,,,,,,56.0,,
R334W,-15.306662764601462,-11.511626777631406,-19.38972251733089,-37.71669987993221,-2.9718036562605263,-6.047911718339805,-2.466479174233534,-13.403732272853958,15.927245524839662,16.9573194167792,16.944481769667348,8.070789138264374,54.30666276460146,50.511626777631406,54.05638918399755,69.71669987993221,45.971803656260526,46.047911718339805,46.1331458409002,51.40373227285396,83.07275447516034,79.0426805832208,83.05551823033265,88.92921086173563,39.0,39.0,34.666666666666664,32.0,43.0,40.0,43.666666666666664,38.0,99.0,96.0,100.0,97.0
R347H,-32.48736678031419,-26.63516718482881,-23.09489886095882,-29.38346712649752,-26.216414866292546,-25.16907047269568,-26.378056367844806,,-18.415349687648416,-15.290874505270779,-18.40460521702333,-25.20544716608579,54.48736678031419,50.63516718482881,54.09489886095882,69.38346712649752,46.216414866292546,46.16907047269568,46.378056367844806,,83.41534968764842,79.29087450527078,83.40460521702333,90.20544716608579,22.0,24.0,31.0,40.0,20.0,21.0,20.0,,65.0,64.0,65.0,65.0
R347P,14.001597026908485,13.69427390103094,9.84748717602406,-27.30015893813885,10.166454853757557,6.02860960020076,8.984135256509902,0.9133941111341599,15.927245524839662,17.965075476843268,17.75246090079169,0.7916124466877648,53.998402973091515,50.30572609896906,53.75251282397594,69.30015893813885,45.83354514624244,45.97139039979924,46.0158647434901,51.08660588886584,83.07275447516034,79.03492452315673,83.04753909920831,89.20838755331224,68.0,64.0,63.6,42.0,56.0,52.0,55.0,52.0,99.0,97.0,100.8,90.0
R352Q,-14.296033116618368,-9.495154723338423,-14.000375108417536,,3.092007963747818,3.0094792705656204,2.92204526376338,,-2.25412841118343,4.864246696010468,-2.2450225945361666,,54.29603311661837,50.49515472333842,54.000375108417536,,45.90799203625218,45.99052072943438,46.07795473623662,,83.25412841118343,79.13575330398953,83.24502259453617,,40.0,41.0,40.0,,49.0,49.0,49.0,,81.0,84.0,81.0,
R352W,,,,,,29.175275460736827,,,,-24.360679045847334,,,,,,,,45.82472453926317,,,,79.36067904584733,,,,,,,,75.0,,,,55.0,,
R553X,-0.9111874572384977,-3.740507356042528,-0.3799435360226653,1.9884085560059077,9.727088390367946,6.338373306731079,-5.371305525251351,13.040321988270797,4.288212371637684,0.8990111143040878,2.936762211310352,-12.745455422666808,97.9111874572385,92.74050735604253,92.56176171784085,98.01159144399409,52.272911609632054,49.66162669326892,51.28039643434226,50.9596780117292,98.71178762836232,98.10098888569591,96.5177832432351,102.74545542266681,97.0,89.0,92.18181818181819,100.0,62.0,56.0,45.90909090909091,64.0,103.0,99.0,99.45454545454545,90.0
R560K,46.34174576236773,49.990770878304716,46.629783241857716,,40.48551295379931,34.207159343462045,40.30493355236691,,25.0179324928512,31.06590425767608,25.024273080910916,,53.65825423763227,50.009229121695284,53.370216758142284,,45.51448704620069,45.792840656537955,45.69506644763309,,82.9820675071488,78.93409574232392,82.97572691908908,,100.0,100.0,100.0,,86.0,80.0,86.0,,108.0,110.0,108.0,
R560S,,49.990770878304716,,,,54.334694874362974,,,,21.996099717099526,,,,50.009229121695284,,,,45.665305125637026,,,,79.00390028290047,,,,100.0,,,,100.0,,,,101.0,,
R560T,44.32048646640154,42.93311868827925,46.124531922272084,33.11577852426255,27.347254443781218,24.143391578011595,24.644534404438403,16.253172379692863,19.967550843955905,21.996099717099526,20.22689698986005,1.8314948311987251,53.67951353359846,50.06688131172075,53.375468077727916,66.88422147573745,45.65274555621878,45.856608421988405,45.8554655955616,50.74682762030714,83.0324491560441,79.00390028290047,83.02310301013995,89.16850516880127,98.0,93.0,99.5,100.0,73.0,70.0,70.5,67.0,103.0,101.0,103.25,91.0
R709X,9.282857528917788,1.2419341380428364,7.759506481445683,1.0105796975183097,7.217096571944133,12.087408580465599,19.157139993541165,29.426797458137024,-4.795743536554724,-3.9172686340757963,3.8991893925903156,14.123055708656679,90.71714247108221,87.75806586195716,92.24049351855432,98.98942030248169,51.78290342805587,48.9125914195344,50.342860006458835,50.573202541862976,100.79574353655472,98.9172686340758,100.10081060740968,97.87694429134332,100.0,89.0,100.0,100.0,59.0,61.0,69.5,80.0,96.0,95.0,104.0,112.0
R74W,-27.434218540398675,-21.59398704909634,-21.57914490220194,,-37.33340283630786,-30.20095435542092,-28.398753032093644,,-16.39519702809028,-18.31414268546297,-19.414579130928786,,54.434218540398675,50.59398704909634,54.07914490220194,,46.33340283630786,46.20095435542092,46.398753032093644,,83.39519702809028,79.31414268546297,83.41457913092879,,27.0,29.0,32.5,,9.0,16.0,18.0,,67.0,61.0,64.0,
R75X,3.614321998875326,-2.2851705378759988,0.24436621844108686,-5.317795165026041,-4.479457110627578,1.9041149091407874,2.39877326602862,12.963725980325748,-4.481579574841717,-2.4764181934434077,-3.7908651783566256,4.140107764876348,96.38567800112467,91.285170537876,96.25563378155891,98.31779516502604,52.47945711062758,51.09588509085921,53.60122673397138,51.03627401967425,105.48157957484172,100.47641819344341,104.29086517835663,95.85989223512365,100.0,89.0,96.5,93.0,48.0,53.0,56.0,64.0,101.0,98.0,100.5,100.0
R764X,1.3275567168526976,1.2509518513473807,1.5184835149681106,,-9.684042955663756,7.310349308601154,-9.03295913403418,,-5.722828990315989,-3.173695509620188,-5.591359372569229,,98.6724432831473,91.74904814865262,98.48151648503189,,52.684042955663756,48.689650691398846,52.03295913403418,,104.72282899031599,102.17369550962019,104.59135937256923,,100.0,93.0,100.0,,43.0,56.0,43.0,,99.0,99.0,99.0,
R785X,4.604182991188523,11.47246264788646,5.162723283077867,,0.7271549055837738,-0.6512039195748827,1.1705059903466548,,-0.012564808556845719,-3.12205404443651,0.048136105747559554,,95.39581700881148,88.52753735211354,94.83727671692213,,52.272845094416226,48.65120391957488,51.829494009653345,,103.01256480855685,101.12205404443651,102.95186389425244,,100.0,100.0,100.0,,53.0,48.0,53.0,,103.0,98.0,103.0,
R792X,,2.922558652868247,,,,-10.695848089880691,,,,-0.08513668695793797,,,,89.07744134713175,,,,48.69584808988069,,,,100.08513668695794,,,,92.0,,,,38.0,,,,100.0,,
R851X,0.38371625237152784,5.848786212266347,0.18214782377458505,,-3.139973544891461,-13.426276649418178,-2.8717490459757897,,-4.109340122932181,-5.036530338989536,-4.12257613382117,,87.61628374762847,83.15121378773365,87.81785217622541,,53.13997354489146,48.42627664941818,52.87174904597579,,102.10934012293218,99.03653033898954,102.12257613382117,,88.0,89.0,88.0,,50.0,35.0,50.0,,98.0,94.0,98.0,
R933G,,-21.59398704909634,,,,21.12426124837645,,,,-35.445995706552026,,,,50.59398704909634,,,,45.87573875162355,,,,79.44599570655203,,,,29.0,,,,67.0,,,,44.0,,
S1118F,,,,,,,,,-16.395197028090266,-12.267606325078589,-16.38465738921245,,,,,,,,,,83.39519702809027,79.26760632507859,83.38465738921245,,,,,,,,,,67.0,67.0,67.0,
S1159F,24.107893506739508,32.850758416814315,24.398725180090125,,17.240901743767303,14.079623812561124,17.066921913505247,,-0.23397575162532291,-4.205557844566101,-0.22507476672528526,,53.89210649326049,50.149241583185685,53.601274819909875,,45.7590982562327,45.920376187438876,45.93307808649475,,83.23397575162532,79.2055578445661,83.22507476672529,,78.0,83.0,78.0,,63.0,60.0,63.0,,83.0,75.0,83.0,
S1159P,-29.455477836364878,-25.626931157682314,-29.157914695986342,,29.368524983784,29.17527546073682,29.19110189899829,,4.8164058972699735,8.895270936266712,4.8247948028019465,,54.45547783636488,50.626931157682314,54.15791469598634,,45.631475016216,45.82472453926318,45.80889810100171,,83.18359410273003,79.10472906373329,83.17520519719805,,25.0,25.0,25.0,,75.0,75.0,75.0,,88.0,88.0,88.0,
S1196X,0.7434743743076808,10.24573337162657,6.469699508187645,,-13.003317780663622,3.1781246939762653,-9.580306465860659,,9.571326345856548,8.152360881237684,10.4911076513782,,99.25652562569232,83.75426662837343,93.53030049181235,,57.00331778066362,46.821875306023735,53.58030646586066,,101.42867365414345,94.84763911876232,100.5088923486218,,100.0,94.0,100.0,,44.0,50.0,44.0,,111.0,103.0,111.0,
S1251N,24.107893506739508,21.760162118202892,24.398725180090125,,4.102643233749198,-0.009651059069518908,3.9323935958877954,,6.836558556828095,4.864246696010468,6.844742630612856,,53.89210649326049,50.23983788179711,53.601274819909875,,45.8973567662508,46.00965105906952,46.067606404112205,,83.1634414431719,79.13575330398953,83.15525736938714,,78.0,72.0,78.0,,50.0,46.0,50.0,,90.0,84.0,90.0,
S1255P,,38.900174579693285,,,,21.12426124837645,,,,-1.1822896643739114,,,,50.099825420306715,,,,45.87573875162355,,,,79.18228966437391,,,,89.0,,,,67.0,,,,78.0,,
S1255X,,-3.9974869854498536,,,,-31.834779311640297,,,,-4.101898126321217,,,,89.99748698544985,,,,46.8347793116403,,,,100.10189812632122,,,,86.0,,,,15.0,,,,96.0,,
S1455X,-41.933210979973175,-37.967679013042,-41.58044776783333,,,,,,3.2380898052443996,11.273456544448123,3.255785967812102,,54.933210979973175,50.967679013042,54.58044776783333,,,,,,83.7619101947556,79.72654345555188,83.7442140321879,,13.0,13.0,13.0,,,,,,87.0,91.0,87.0,
S341P,-16.317292412584564,-12.519862804777887,-16.021380386760036,,4.102643233749198,4.015856047110667,3.9323935958877954,,16.93732185461873,17.965075476843268,16.944481769667334,,54.317292412584564,50.51986280477789,54.021380386760036,,45.8973567662508,45.98414395288933,46.067606404112205,,83.06267814538127,79.03492452315673,83.05551823033267,,38.0,38.0,38.0,,50.0,50.0,50.0,,100.0,97.0,100.0,
S466X,4.687471087120073,1.5354562677325987,6.355644751451024,,-0.7636839832852687,5.991755351903677,1.1341500518929664,,-2.4064215657907937,-7.660983464281429,-1.5627532803543147,,95.31252891287993,93.4645437322674,93.64435524854898,,54.76368398328527,50.00824464809632,52.865849948107034,,103.4064215657908,105.66098346428143,102.56275328035431,,100.0,95.0,100.0,,54.0,56.0,54.0,,101.0,98.0,101.0,
S489X,-0.43224518460900185,2.0033585769889726,3.055203383670701,,27.424844638788464,26.279372097403176,29.044630713092992,,-1.9459747678021557,-6.5896298269844635,-0.6109635734503769,,98.432245184609,92.99664142301103,94.9447966163293,,52.575155361211536,49.720627902596824,50.95536928690701,,102.94597476780216,105.58962982698446,101.61096357345038,,98.0,95.0,98.0,,80.0,76.0,80.0,,101.0,99.0,101.0,
S492F,-21.370440652500072,-4.453974587605948,-21.073893582616307,,-16.110062166278638,-6.047911718339805,-16.2745730466006,,-6.294433730299659,-1.1822896643738972,-6.284918250157972,,54.37044065250007,50.45397458760595,54.07389358261631,,46.11006216627864,46.047911718339805,46.2745730466006,,83.29443373029966,79.1822896643739,83.28491825015797,,33.0,46.0,33.0,,30.0,40.0,30.0,,77.0,78.0,77.0,
S4X,0.5526577319706405,5.121435964319659,0.7341011466944991,,33.52931915803206,22.121115155024974,31.693631035955015,,5.175090291486626,0.19736351735720348,5.22563138661215,,99.44734226802936,85.87856403568034,99.2658988533055,,49.47068084196794,50.878884844975026,51.306368964044985,,95.82490970851337,93.8026364826428,95.77436861338785,,100.0,91.0,100.0,,83.0,73.0,83.0,,101.0,94.0,101.0,
S549N,30.17167139463811,29.82605033537483,18.84096066464823,-7.508731148731499,22.29407809377426,12.066870259471031,22.11866357412736,17.27582426426344,16.93732185461873,17.965075476843268,10.379651329281927,-2.3280347068450595,53.82832860536189,50.17394966462517,53.65903933535177,68.5087311487315,45.70592190622574,45.93312974052897,45.88133642587264,50.72417573573656,83.06267814538127,79.03492452315673,83.12034867071807,89.32803470684506,84.0,80.0,72.5,61.0,68.0,58.0,68.0,68.0,100.0,97.0,93.5,87.0
S549R,43.30985681841843,31.842522389667835,45.61928060268646,33.11577852426255,-0.950533116257759,-0.009651059069518908,2.2484797090137576,-26.698206772271497,25.0179324928512,20.988343657035458,20.64771945398732,8.07078913826436,53.69014318158157,50.157477610332165,53.38071939731354,66.88422147573745,45.95053311625776,46.00965105906952,46.08485362431958,51.6982067722715,82.9820675071488,79.01165634296454,83.01894721267935,88.92921086173564,97.0,82.0,99.0,100.0,45.0,46.0,48.333333333333336,25.0,108.0,100.0,103.66666666666667,97.0
S912L,,6.636621711005482,,,,4.015856047110667,,,,-19.321898745527022,,,,50.36337828899452,,,,45.98414395288933,,,,79.32189874552702,,,,57.0,,,,50.0,,,,60.0,,
S912X,-10.522645720201083,-4.776987133970039,-10.238134664399823,,-15.225321948634175,-21.18615645843996,-14.587270927154961,,4.339784202377288,1.293276173390737,4.371975757406574,,99.52264572020108,92.77698713397004,99.23813466439982,,55.225321948634175,48.18615645843996,54.58727092715496,,105.66021579762271,98.70672382660926,105.62802424259343,,89.0,88.0,89.0,,40.0,27.0,40.0,,110.0,100.0,110.0,
S945L,-19.34918135653386,-10.503390750484904,-10.968867190903765,-31.466775314856193,0.060102153743635256,-1.0160278356145653,5.279524705387026,32.61560253282213,-7.304510060078741,-4.205557844566101,-9.314839991874322,-15.846505705487317,54.34918135653386,50.503390750484904,53.968867190903765,69.46677531485619,45.939897846256365,46.016027835614565,46.05380862794631,50.38439746717787,83.30451006007874,79.2055578445661,83.31483999187432,89.84650570548732,35.0,40.0,43.0,38.0,46.0,45.0,51.333333333333336,83.0,76.0,75.0,74.0,74.0
S977F,-24.402329596449384,-27.643403211975297,-24.105401500130064,,-21.16323851628558,-19.1308098134254,-21.326314707222707,,-27.506036655659955,-25.368435105911402,-27.494370442172382,,54.402329596449384,50.6434032119753,54.105401500130064,,46.16323851628558,46.1308098134254,46.32631470722271,,83.50603665565995,79.3684351059114,83.49437044217238,,30.0,23.0,30.0,,25.0,27.0,25.0,,56.0,54.0,56.0,
T1036N,,22.76839814534938,,,,-10.07341882451999,,,,8.895270936266712,,,,50.23160185465062,,,,46.07341882451999,,,,79.10472906373329,,,,73.0,,,,36.0,,,,88.0,,
T1246I,-13.28540346863526,-0.4210304790199686,-12.989872469246272,,-10.046250546270272,-13.092549154155122,-10.21248305385408,,-23.465731336543712,-18.31414268546297,-23.45447478655059,,54.28540346863526,50.42103047901997,53.98987246924627,,46.04625054627027,46.09254915415512,46.21248305385408,,83.46573133654371,79.31414268546297,83.45447478655059,,41.0,50.0,41.0,,36.0,33.0,36.0,,60.0,61.0,60.0,
T338I,-28.444848188381776,-33.69281937485427,-28.147412056815085,,-34.30149702630368,-40.264722120871376,-34.460843024840166,,-3.264204740962498,-1.1822896643738972,-3.2549965084416215,,54.444848188381776,50.69281937485427,54.147412056815085,,46.30149702630368,46.264722120871376,46.460843024840166,,83.2642047409625,79.1822896643739,83.25499650844162,,26.0,17.0,26.0,,12.0,6.0,12.0,,80.0,78.0,80.0,
V1153E,,,,,,,,,-43.6672579321249,-39.47701994680827,-43.65395306465956,,,,,,,,,,83.6672579321249,79.47701994680827,83.65395306465956,,,,,,,,,,40.0,40.0,40.0,
V201M,-34.5086260762804,-27.643403211975297,-34.210427891842606,,,-24.162693696150633,,,-37.60679995345055,-29.399459346167646,-37.59410958122686,,54.5086260762804,50.6434032119753,54.210427891842606,,,46.16269369615063,,,83.60679995345055,79.39945934616765,83.59410958122686,,20.0,23.0,20.0,,,22.0,,,46.0,50.0,46.0,
V232D,-43.60429290812831,-36.717527456293745,-43.30495164438389,,-15.099426896277237,-18.124433036880355,-15.264224714476185,,-11.34481537919497,-0.17453360430984333,-11.334787819685218,,54.60429290812831,50.717527456293745,54.30495164438389,,46.09942689627724,46.124433036880355,46.264224714476185,,83.34481537919497,79.17453360430984,83.33478781968522,,11.0,14.0,11.0,,31.0,28.0,31.0,,72.0,79.0,72.0,
V456A,-27.434218540398682,-33.69281937485426,-27.136909417643835,,-24.195144326289764,-13.092549154155122,-24.35735970359596,,-9.324662719636848,-10.252094204950467,-9.314839991874322,,54.43421854039868,50.69281937485426,54.136909417643835,,46.195144326289764,46.09254915415512,46.35735970359596,,83.32466271963685,79.25209420495047,83.31483999187432,,27.0,17.0,27.0,,22.0,33.0,22.0,,74.0,69.0,74.0,
V520F,43.30985681841843,41.92488266113276,41.577270046001445,20.615929394110537,17.240901743767303,17.098754142196263,11.678397475508348,-8.29047285000106,21.987703503514012,21.996099717099526,20.311061482685503,8.07078913826436,53.69014318158157,50.07511733886724,53.422729953998555,67.38407060588946,45.7590982562327,45.90124585780374,45.98826919115832,51.29047285000106,83.01229649648599,79.00390028290047,83.02227185064783,88.92921086173564,97.0,92.0,95.0,88.0,63.0,63.0,57.666666666666664,43.0,105.0,101.0,103.33333333333333,97.0
W1089X,0.5522718409553136,6.145242317848442,4.965465877207862,,-5.953369919465501,13.839140315934081,-4.29491789689088,,3.9486211923517374,-3.7544502544312337,-1.7905023332364465,,99.44772815904469,88.85475768215156,95.03453412279214,,57.9533699194655,47.16085968406592,56.29491789689088,,99.05137880764826,102.75445025443123,104.79050233323645,,100.0,95.0,100.0,,52.0,61.0,52.0,,103.0,99.0,103.0,
W1098R,12.99096737892539,19.743690063909895,13.283196149206333,,21.283442823772866,4.015856047110667,21.10831524200293,,15.927245524839662,16.9573194167792,15.934507855761908,,54.00903262107461,50.256309936090105,53.71680385079367,,45.716557176227134,45.98414395288933,45.89168475799707,,83.07275447516034,79.0426805832208,83.06549214423809,,67.0,70.0,67.0,,67.0,50.0,67.0,,99.0,96.0,99.0,
W1098X,,-1.9404858411029124,,,,32.9987601534002,,,,8.406088011627162,,,,89.94048584110291,,,,47.0012398465998,,,,99.59391198837284,,,,88.0,,,,80.0,,,,108.0,,
W1145X,,-20.806948058491983,,,,-22.169905134528882,,,,-2.814118677154312,,,,87.80694805849198,,,,47.16990513452888,,,,99.81411867715431,,,,67.0,,,,25.0,,,,97.0,,
W1204X,0.895013396904659,6.955394671960548,5.397912993635842,,-11.601809517105984,1.1941625272592304,-8.180057742593235,,-13.94602549346962,-4.58231987361377,-13.199650299232673,,99.10498660309534,85.04460532803945,94.60208700636416,,56.601809517105984,46.80583747274077,53.180057742593235,,106.94602549346962,97.58231987361377,106.19965029923267,,100.0,92.0,100.0,,45.0,48.0,45.0,,93.0,93.0,93.0,
W1282X,2.9303715993876978,-2.874842779520506,-31.607122380088214,0.42253253683428227,3.4792353704203975,6.4872450607302525,0.8937438996830451,11.107051143775777,1.7940987345002952,-1.8877352694262157,-9.713163050793355,4.463853644503288,96.0696284006123,88.8748427795205,96.14045571342155,96.57746746316572,51.5207646295796,46.51275493926975,49.677684671745524,50.89294885622422,101.2059012654997,98.88773526942622,101.51316305079335,99.53614635549671,99.0,86.0,64.53333333333333,97.0,55.0,53.0,50.57142857142857,62.0,103.0,97.0,91.8,104.0
W401X,1.207307699579502,-2.368586915766514,1.3459195491099507,,-15.210291560155156,-4.346984611084501,-13.37375131702207,,1.40408274284961,7.719373123856599,1.4423565476583775,,98.7926923004205,95.36858691576651,98.65408045089005,,57.210291560155156,50.3469846110845,55.37375131702207,,106.59591725715039,97.2806268761434,106.55764345234162,,100.0,93.0,100.0,,42.0,46.0,42.0,,108.0,105.0,108.0,
W57G,46.34174576236773,38.900174579693285,46.629783241857716,,-6.003709466264709,-3.0287813887046653,-6.17108972535641,,6.836558556828109,8.895270936266712,6.844742630612856,,53.65825423763227,50.099825420306715,53.370216758142284,,46.00370946626471,46.028781388704665,46.17108972535641,,83.16344144317189,79.10472906373329,83.15525736938714,,100.0,89.0,100.0,,40.0,43.0,40.0,,90.0,88.0,90.0,
W57X,3.3022487474747777,11.101384634444173,3.6217521636775984,,8.370429049214792,24.214529847187173,6.780291626820905,,-2.7057823519831885,5.123858759232533,-1.7759938525785515,,96.69775125252522,88.89861536555583,96.3782478363224,,51.62957095078521,50.78547015281283,53.219708373179095,,104.70578235198319,98.87614124076747,103.77599385257855,,100.0,100.0,100.0,,60.0,75.0,60.0,,102.0,104.0,102.0,
W846X,9.440305123000641,8.607505696128044,9.064109359257671,,6.465988616590586,19.799510481944004,6.649115258424949,,5.644683703565349,8.1506644991629,5.617654287433751,,85.55969487699936,82.39249430387196,85.93589064074233,,52.534011383409414,48.200489518055996,52.35088474157505,,100.35531629643465,96.8493355008371,100.38234571256625,,95.0,91.0,95.0,,59.0,68.0,59.0,,106.0,105.0,106.0,
Y1014C,,,,,,,,,,-28.391703286103592,,,,,,,,,,,,79.39170328610359,,,,,,,,,,,,51.0,,
Y1032C,-11.264144172669056,-23.610459103389324,-10.968867190903765,,-29.24832067629673,-29.194577578875872,-29.409101364218067,,-33.56649463433429,-22.345166925719212,-33.554213925605055,,54.264144172669056,50.610459103389324,53.968867190903765,,46.24832067629673,46.19457757887587,46.40910136421807,,83.56649463433429,79.34516692571921,83.55421392560505,,43.0,27.0,43.0,,17.0,17.0,17.0,,50.0,57.0,50.0,
Y1092X,-0.9891418231450189,2.5060204926425342,-8.770017126255098,,5.053471346980999,13.851281671793522,26.68672487459662,,5.601598245587638,0.33069345475503553,2.7954391787255872,,99.98914182314502,89.49397950735747,99.7700171262551,,56.946528653019,47.14871832820648,54.31327512540338,,98.39840175441236,101.66930654524496,103.20456082127441,,99.0,92.0,91.0,,62.0,61.0,81.0,,104.0,102.0,106.0,
Y122X,-0.456228436939611,-0.8674722530988532,2.1947861927491346,3.4232518348466385,13.697005702747,9.092458507990415,5.983482136580378,2.734578709240317,4.655711389307498,-0.23615140391406442,3.897134421073929,12.048648577489317,96.45622843693961,89.86747225309885,95.80521380725087,96.57674816515336,52.302994297253,50.907541492009585,54.01651786341962,51.26542129075968,105.3442886106925,102.23615140391406,104.10286557892607,93.95135142251068,96.0,89.0,98.0,100.0,66.0,60.0,60.0,54.0,110.0,102.0,108.0,106.0
Y275X,,-12.179567472263315,,,,-6.76258890329045,,,,-2.988019615687236,,,,92.17956747226332,,,,50.76258890329045,,,,97.98801961568724,,,,80.0,,,,44.0,,,,95.0,,
Y563D,46.34174576236773,49.990770878304716,46.629783241857716,,54.6344067338188,54.33469487436298,54.44981020210879,,4.816405897270002,7.887514876202658,4.8247948028019465,,53.65825423763227,50.009229121695284,53.370216758142284,,45.3655932661812,45.66530512563702,45.55018979789121,,83.18359410273,79.11248512379734,83.17520519719805,,100.0,100.0,100.0,,100.0,100.0,100.0,,88.0,87.0,88.0,
Y563N,40.27796787446913,33.85899444396082,40.566767406830195,,8.145184313754775,11.060493482925985,7.973786924385472,,12.897016535502487,15.949563356715146,12.904586114045557,,53.72203212553087,50.14100555603918,53.433232593169805,,45.854815686245225,45.939506517074015,46.02621307561453,,83.10298346449751,79.05043664328485,83.09541388595444,,94.0,84.0,94.0,,54.0,57.0,54.0,,96.0,95.0,96.0,
Y569D,,45.95782676971874,46.629783241857716,33.11577852426255,,23.137014801466535,14.035876917131993,9.094609187698794,,19.980587596971404,17.95445568357279,12.23031867630813,,50.04217323028126,53.370216758142284,66.88422147573745,,45.862985198533465,45.96412308286801,50.905390812301206,,79.0194124030286,83.04554431642721,88.76968132369187,,96.0,100.0,100.0,,69.0,60.0,60.0,,99.0,101.0,101.0
Y849X,0.7287803245242372,-7.886795331662128,0.4774024001711723,,19.132624691216236,18.80623058791842,19.196531875244553,,0.7619429887191842,1.001142324172335,0.7414691643912334,,87.27121967547576,84.88679533166213,87.52259759982883,,51.867375308783764,48.19376941208158,51.80346812475545,,101.23805701128082,97.99885767582767,101.25853083560877,,88.0,77.0,88.0,,71.0,67.0,71.0,,102.0,99.0,102.0,
Y913X,,0.15468866690230243,,,,1.985204051775419,,,,-1.224331942737095,,,,91.8453113330977,,,,48.01479594822458,,,,99.2243319427371,,,,92.0,,,,50.0,,,,98.0,,
